-- phpMyAdmin SQL Dump
-- version 5.0.3
-- https://www.phpmyadmin.net/
--
-- Host: localhost
-- Generation Time: Oct 03, 2023 at 08:29 PM
-- Server version: 10.4.14-MariaDB
-- PHP Version: 7.4.11

SET SQL_MODE = "NO_AUTO_VALUE_ON_ZERO";
START TRANSACTION;
SET time_zone = "+00:00";


/*!40101 SET @OLD_CHARACTER_SET_CLIENT=@@CHARACTER_SET_CLIENT */;
/*!40101 SET @OLD_CHARACTER_SET_RESULTS=@@CHARACTER_SET_RESULTS */;
/*!40101 SET @OLD_COLLATION_CONNECTION=@@COLLATION_CONNECTION */;
/*!40101 SET NAMES utf8mb4 */;

--
-- Database: `ecommerce_db`
--

-- --------------------------------------------------------

--
-- Table structure for table `category`
--

CREATE TABLE `category` (
  `id` int(11) NOT NULL,
  `category_name` varchar(100) DEFAULT NULL
) ENGINE=InnoDB DEFAULT CHARSET=utf8mb4 ROW_FORMAT=DYNAMIC;

--
-- Dumping data for table `category`
--

INSERT INTO `category` (`id`, `category_name`) VALUES
(1, 'Labels'),
(2, 'Furnishings'),
(3, 'Phones'),
(4, 'Binders'),
(5, 'Appliances'),
(6, 'Tables'),
(7, 'Storage'),
(8, 'Accessories'),
(9, 'Paper'),
(10, 'Chairs'),
(11, 'Fasteners'),
(12, 'Supplies'),
(13, 'Envelopes'),
(14, 'Copiers'),
(15, 'Bookcases'),
(16, 'Machines'),
(17, 'Art');

-- --------------------------------------------------------

--
-- Table structure for table `customers`
--

CREATE TABLE `customers` (
  `id` int(11) NOT NULL,
  `customer_name` varchar(255) DEFAULT NULL
) ENGINE=InnoDB DEFAULT CHARSET=utf8mb4 ROW_FORMAT=DYNAMIC;

--
-- Dumping data for table `customers`
--

INSERT INTO `customers` (`id`, `customer_name`) VALUES
(1, 'Darrin Van Huff'),
(2, 'Brosina Hoffman'),
(3, 'Irene Maddox'),
(4, 'Alejandro Grove'),
(5, 'Zuschuss Donatelli'),
(6, 'Emily Burns'),
(7, 'Eric Hoffmann'),
(8, 'Ruben Ausman'),
(9, 'Kunst Miller'),
(10, 'Brendan Sweed'),
(11, 'Duane Noonan'),
(12, 'Jim Sink'),
(13, 'Roger Barcio'),
(14, 'Katherine Ducich'),
(15, 'Lena Cacioppo'),
(16, 'Dave Kipp'),
(17, 'Troy Staebel'),
(18, 'Lindsay Shagiari'),
(19, 'Lena Creighton'),
(20, 'Sally Hughsby'),
(21, 'Helen Andreada'),
(22, 'Tamara Willingham'),
(23, 'Stephanie Phelps'),
(24, 'Neil Knudson'),
(25, 'Dave Brooks'),
(26, 'Ted Trevino'),
(27, 'Ruben Dartt'),
(28, 'Max Jones'),
(29, 'Chad Sievert'),
(30, 'Frank Merwin'),
(31, 'Mary Zewe'),
(32, 'Bruce Stewart'),
(33, 'Laurel Elliston'),
(34, 'Jonathan Howell'),
(35, 'David Bremer'),
(36, 'Logan Haushalter'),
(37, 'Kelly Collister'),
(38, 'Alan Hwang'),
(39, 'Kristen Hastings'),
(40, 'Barry Blumstein'),
(41, 'Jas O Carroll'),
(42, 'Tracy Blumstein'),
(43, 'Kelly Lampkin'),
(44, 'Ben Peterman'),
(45, 'Frank Atkinson'),
(46, 'Grace Kelly'),
(47, 'Doug Bickford'),
(48, 'Alyssa Crouse'),
(49, 'Ken Lonsdale'),
(50, 'Clay Cheatham'),
(51, 'Julia Dunbar'),
(52, 'Arthur Gainer'),
(53, 'Alejandro Savely'),
(54, 'Jack Garza'),
(55, 'Victor Preis'),
(56, 'Keith Herrera'),
(57, 'Kimberly Carter'),
(58, 'Caroline Jumper'),
(59, 'Philip Brown'),
(60, 'Sung Pak'),
(61, 'Joel Eaton'),
(62, 'Sanjit Chand'),
(63, 'Joseph Holt'),
(64, 'Tanja Norvell'),
(65, 'Jeremy Pistek'),
(66, 'Xylona Preis'),
(67, 'Michelle Tran'),
(68, 'Sonia Sunley'),
(69, 'Maribeth Yedwab'),
(70, 'Bradley Nguyen'),
(71, 'Alan Dominguez'),
(72, 'Karen Bern'),
(73, 'Jasper Cacioppo'),
(74, 'Allen Armold'),
(75, 'Erin Smith'),
(76, 'Bill Donatelli'),
(77, 'Dean Katz'),
(78, 'Olvera Toch'),
(79, 'Liz Pelletier'),
(80, 'Jeremy Farry'),
(81, 'Frank Preis'),
(82, 'Ellis Ballard'),
(83, 'Sarah Foster'),
(84, 'Trudy Glocke'),
(85, 'Charles Crestani'),
(86, 'Dianna Vittorini'),
(87, 'Zuschuss Carroll'),
(88, 'Lena Radford'),
(89, 'Annie Thurman'),
(90, 'Logan Currie'),
(91, 'Fred McMath'),
(92, 'Max Engle'),
(93, 'Rick Bensley'),
(94, 'John Lee'),
(95, 'Anthony Rawles'),
(96, 'Alan Barnes'),
(97, 'Jay Kimmel'),
(98, 'Dorris liebe'),
(99, 'Christine Kargatis'),
(100, 'Ross DeVincentis'),
(101, 'Darrin Sayre'),
(102, 'Gary Zandusky'),
(103, 'Maya Herman'),
(104, 'Yoseph Carroll'),
(105, 'Melanie Seite'),
(106, 'Andrew Roberts'),
(107, 'Nick Zandusky'),
(108, 'Clay Ludtke'),
(109, 'Liz Thompson'),
(110, 'Erica Smith'),
(111, 'Carlos Daly'),
(112, 'Helen Wasserman'),
(113, 'Gary McGarr'),
(114, 'Russell Applegate'),
(115, 'Pauline Johnson'),
(116, 'Patrick Gardner'),
(117, 'Eudokia Martin'),
(118, 'Dave Poirier'),
(119, 'Chuck Magee'),
(120, 'Jill Stevenson'),
(121, 'Cyma Kinney'),
(122, 'Pamela Coakley'),
(123, 'Rachel Payne'),
(124, 'Karen Carlisle'),
(125, 'Rob Williams'),
(126, 'John Lucas'),
(127, 'Cynthia Arntzen'),
(128, 'Joseph Airdo'),
(129, 'Daniel Lacy'),
(130, 'Lindsay Williams'),
(131, 'Cynthia Voltz'),
(132, 'Tamara Dahlen'),
(133, 'Tracy Zic'),
(134, 'Roland Fjeld'),
(135, 'Ryan Akin'),
(136, 'Meg Tillman'),
(137, 'Vivek Gonzalez'),
(138, 'Philip Fox'),
(139, 'John Stevenson'),
(140, 'Meg O Connel'),
(141, 'Hallie Redmond'),
(142, 'Jennifer Jackson'),
(143, 'Brian DeCherney'),
(144, 'Skye Norling'),
(145, 'Erica Hernandez'),
(146, 'Maurice Satty'),
(147, 'Don Weiss'),
(148, 'Craig Yedwab'),
(149, 'Naresj Patel'),
(150, 'Noel Staavos'),
(151, 'Paul Van Hugh'),
(152, 'Neoma Murray'),
(153, 'Dionis Lloyd'),
(154, 'Greg Guthrie'),
(155, 'Arthur Prichep'),
(156, 'George Bell'),
(157, 'Larry Tron'),
(158, 'Alyssa Tate'),
(159, 'Harold Ryan'),
(160, 'Bradley Talbott'),
(161, 'Linda Southworth'),
(162, 'Ben Ferrer'),
(163, 'Greg Matthias'),
(164, 'Nora Preis'),
(165, 'Phillip Flathmann'),
(166, 'Julie Creighton'),
(167, 'Brooke Gillingham'),
(168, 'Chuck Clark'),
(169, 'Justin Hirsh'),
(170, 'Erica Bern'),
(171, 'Alex Avila'),
(172, 'Roy Collins'),
(173, 'Henry Goldwyn'),
(174, 'Frank Gastineau'),
(175, 'Lisa DeCherney'),
(176, 'Harold Pawlan'),
(177, 'Jamie Frazer'),
(178, 'Kean Takahito'),
(179, 'Ann Blume'),
(180, 'Sam Zeldin'),
(181, 'Jim Radford'),
(182, 'Christina Anderson'),
(183, 'Valerie Dominguez'),
(184, 'Adrian Barton'),
(185, 'Beth Thompson'),
(186, 'Rick Wilson'),
(187, 'Damala Kotsonis'),
(188, 'Michael Moore'),
(189, 'Shaun Chance'),
(190, 'Jennifer Braxton'),
(191, 'Thais Sissman'),
(192, 'Maria Bertelson'),
(193, 'Katherine Nockton'),
(194, 'Mike Kennedy'),
(195, 'Christine Phan'),
(196, 'Corinna Mitchell'),
(197, 'Jane Waco'),
(198, 'Pauline Chand'),
(199, 'Jessica Myrick'),
(200, 'Nicole Hansen'),
(201, 'Michael Chen'),
(202, 'Tom Boeckenhauer'),
(203, 'Victoria Wilson'),
(204, 'Gary Hwang'),
(205, 'Mike Pelletier'),
(206, 'Deborah Brumfield'),
(207, 'Ivan Gibson'),
(208, 'Jeremy Ellison'),
(209, 'Edward Becker'),
(210, 'Paul Knutson'),
(211, 'Christopher Schild'),
(212, 'Jesus Ocampo'),
(213, 'Rick Duston'),
(214, 'Marina Lichtenstein'),
(215, 'Yana Sorensen'),
(216, 'Jenna Caffey'),
(217, 'James Galang'),
(218, 'Natalie Webber'),
(219, 'Fred Hopkins'),
(220, 'Hilary Holden'),
(221, 'Christina DeMoss'),
(222, 'Thea Hendricks'),
(223, 'Michelle Moray'),
(224, 'Robert Barroso'),
(225, 'Eric Barreto'),
(226, 'Pamela Stobb'),
(227, 'Claudia Bergmann'),
(228, 'Steven Cartwright'),
(229, 'Cynthia Delaney'),
(230, 'Jamie Kunitz'),
(231, 'Debra Catini'),
(232, 'Emily Ducich'),
(233, 'Joni Wasserman'),
(234, 'Darren Powers'),
(235, 'Raymond Messe'),
(236, 'Adrian Shami'),
(237, 'Stefania Perrino'),
(238, 'Lauren Leatherbury'),
(239, 'Matt Collins'),
(240, 'Sue Ann Reed'),
(241, 'Giulietta Weimer'),
(242, 'Frank Hawley'),
(243, 'Filia McAdams'),
(244, 'Noah Childs'),
(245, 'Adam Hart'),
(246, 'Michelle Ellison'),
(247, 'Benjamin Patterson'),
(248, 'Paul Gonzalez'),
(249, 'Carol Darley'),
(250, 'Stewart Carmichael'),
(251, 'Rick Hansen'),
(252, 'Valerie Mitchum'),
(253, 'Craig Carreira'),
(254, 'Nora Pelletier'),
(255, 'Joe Elijah'),
(256, 'Laurel Workman'),
(257, 'Max Ludwig'),
(258, 'Luke Weiss'),
(259, 'Berenike Kampe'),
(260, 'Gene McClure'),
(261, 'Marc Crier'),
(262, 'Carl Weiss'),
(263, 'Ed Braxton'),
(264, 'Kelly Andreada'),
(265, 'Tamara Chand'),
(266, 'Toby Ritter'),
(267, 'Maribeth Schnelling'),
(268, 'Clytie Kelty'),
(269, 'Anthony Witt'),
(270, 'Kean Thornton'),
(271, 'Adrian Hane'),
(272, 'Sandra Glassco'),
(273, 'Scot Wooten'),
(274, 'William Brown'),
(275, 'Larry Blacks'),
(276, 'Dianna Wilson'),
(277, 'Karen Ferguson'),
(278, 'Ivan Liston'),
(279, 'Patrick Bzostek'),
(280, 'Heather Kirkland'),
(281, 'Alan Shonely'),
(282, 'Neola Schneider'),
(283, 'Matt Hagelstein'),
(284, 'Bobby Trafton'),
(285, 'Doug Jacobs'),
(286, 'Rick Huthwaite'),
(287, 'Toby Gnade'),
(288, 'Barry Franz'),
(289, 'Justin MacKendrick'),
(290, 'Julie Kriz'),
(291, 'Maria Zettner'),
(292, 'Tom Prescott'),
(293, 'Allen Rosenblatt'),
(294, 'Jim Karlsson'),
(295, 'Ben Wallace'),
(296, 'Ricardo Sperren'),
(297, 'Becky Castell'),
(298, 'Kristina Nunn'),
(299, 'Laura Armstrong'),
(300, 'Alice McCarthy'),
(301, 'Scott Cohen'),
(302, 'Erica Hackney'),
(303, 'Katherine Murray'),
(304, 'Christina VanderZanden'),
(305, 'Dennis Kane'),
(306, 'Mike Gockenbach'),
(307, 'Tamara Manning'),
(308, 'Bill Eplett'),
(309, 'Eleni McCrary'),
(310, 'Michelle Lonsdale'),
(311, 'Linda Cazamias'),
(312, 'Matt Collister'),
(313, 'Ross Baird'),
(314, 'Harry Marie'),
(315, 'Pierre Wener'),
(316, 'Anne McFarland'),
(317, 'Shahid Collister'),
(318, 'Greg Maxwell'),
(319, 'Bryan Spruell'),
(320, 'Bill Tyler'),
(321, 'Ralph Ritter'),
(322, 'Lori Olson'),
(323, 'Ken Dana'),
(324, 'John Murray'),
(325, 'Michael Granlund'),
(326, 'Bill Overfelt'),
(327, 'Aleksandra Gannaway'),
(328, 'Jim Mitchum'),
(329, 'Jason Fortune-'),
(330, 'Tim Taslimi'),
(331, 'Alan Schoenberger'),
(332, 'Pete Kriz'),
(333, 'Nancy Lomonaco'),
(334, 'Toby Carlisle'),
(335, 'Stewart Visinsky'),
(336, 'Carol Triggs'),
(337, 'Anthony Johnson'),
(338, 'Alejandro Ballentine'),
(339, 'Sanjit Engle'),
(340, 'David Flashing'),
(341, 'Fred Harton'),
(342, 'MaryBeth Skach'),
(343, 'Carlos Soltero'),
(344, 'Herbert Flentye'),
(345, 'George Ashbrook'),
(346, 'Dean percer'),
(347, 'Elpida Rittenbach'),
(348, 'Kean Nguyen'),
(349, 'Guy Armstrong'),
(350, 'Denise Leinenbach'),
(351, 'Cindy Stewart'),
(352, 'Michelle Huthwaite'),
(353, 'Darrin Martin'),
(354, 'Natalie DeCherney'),
(355, 'Don Jones'),
(356, 'Beth Fritzler'),
(357, 'Stuart Calhoun'),
(358, 'Scott Williamson'),
(359, 'Emily Phan'),
(360, 'Ken Heidel'),
(361, 'Thomas Thornton'),
(362, 'Greg Tran'),
(363, 'Mick Crebagga'),
(364, 'Lisa Hazard'),
(365, 'Eugene Moren'),
(366, 'Philisse Overcash'),
(367, 'Andy Yotov'),
(368, 'Ryan Crowe'),
(369, 'Matthew Clasen'),
(370, 'Sharelle Roach'),
(371, 'Dan Reichenbach'),
(372, 'Aaron Smayling'),
(373, 'Benjamin Farhat'),
(374, 'Katrina Bavinger'),
(375, 'Maxwell Schwartz'),
(376, 'Chad Cunningham'),
(377, 'Cari Sayre'),
(378, 'Gary Hansen'),
(379, 'Justin Ellison'),
(380, 'Jack Lebron'),
(381, 'Sanjit Jacobs'),
(382, 'Chris Cortes'),
(383, 'Thomas Seio'),
(384, 'Sarah Jordon'),
(385, 'Penelope Sewall'),
(386, 'Rob Dowd'),
(387, 'Mitch Willingham'),
(388, 'Patrick Ryan'),
(389, 'Odella Nelson'),
(390, 'Brian Moss'),
(391, 'Liz Carlisle'),
(392, 'Matthew Grinstein'),
(393, 'Charlotte Melton'),
(394, 'Tony Chapman'),
(395, 'Luke Foster'),
(396, 'Phillina Ober'),
(397, 'Tim Brockman'),
(398, 'Dennis Pardue'),
(399, 'Carl Ludwig'),
(400, 'Shirley Jackson'),
(401, 'Cathy Armstrong'),
(402, 'Dario Medina'),
(403, 'Patrick ODonnell'),
(404, 'Tony Sayre'),
(405, 'Guy Thornton'),
(406, 'Jim Kriz'),
(407, 'Ralph Arnett'),
(408, 'Darren Budd'),
(409, 'Vicky Freymann'),
(410, 'Jennifer Patt'),
(411, 'Denny Ordway'),
(412, 'Roland Schwarz'),
(413, 'Maureen Fritzler'),
(414, 'Charles McCrossin'),
(415, 'Julia Barnett'),
(416, 'Jonathan Doherty'),
(417, 'Ed Jacobs'),
(418, 'Todd Sumrall'),
(419, 'Astrea Jones'),
(420, 'Jay Fein'),
(421, 'Peter Fuller'),
(422, 'Maris LaWare'),
(423, 'Eugene Hildebrand'),
(424, 'Susan Pistek'),
(425, 'Paul Lucas'),
(426, 'Christopher Conant'),
(427, 'Michael Kennedy'),
(428, 'Jack O Briant'),
(429, 'Steve Nguyen'),
(430, 'Jill Fjeld'),
(431, 'Katrina Edelman'),
(432, 'Amy Cox'),
(433, 'Toby Swindell'),
(434, 'Tracy Poddar'),
(435, 'Heather Jas'),
(436, 'Eileen Kiefer'),
(437, 'Bruce Geld'),
(438, 'Nick Crebassa'),
(439, 'Steven Roelle'),
(440, 'Michelle Arnett'),
(441, 'Ken Black'),
(442, 'Muhammed MacIntyre'),
(443, 'Andrew Gjertsen'),
(444, 'Nicole Fjeld'),
(445, 'David Wiener'),
(446, 'Tiffany House'),
(447, 'Angele Hood'),
(448, 'Chris Selesnick'),
(449, 'Shui Tom'),
(450, 'Sung Shariari'),
(451, 'Mark Van Huff'),
(452, 'Alex Grayson'),
(453, 'Trudy Brown'),
(454, 'Bart Pistole'),
(455, 'Anna Häberlin'),
(456, 'Anna Andreadi'),
(457, 'Ann Steele'),
(458, 'Janet Martin'),
(459, 'Georgia Rosenberg'),
(460, 'Vivek Sundaresam'),
(461, 'Liz Preis'),
(462, 'Rob Beeghly'),
(463, 'Julia West'),
(464, 'Mike Caudle'),
(465, 'Tom Stivers'),
(466, 'Robert Marley'),
(467, 'Bruce Degenhardt'),
(468, 'David Smith'),
(469, 'Bill Stewart'),
(470, 'Helen Abelman'),
(471, 'Corey-Lock'),
(472, 'Denny Joy'),
(473, 'Deanra Eno'),
(474, 'Lena Hernandez'),
(475, 'Richard Bierner'),
(476, 'Christine Sundaresam'),
(477, 'Theresa Swint'),
(478, 'Benjamin Venier'),
(479, 'Nick Radford'),
(480, 'Monica Federle'),
(481, 'Nathan Gelder'),
(482, 'Jim Epp'),
(483, 'Edward Hooks'),
(484, 'Sheri Gordon'),
(485, 'Christine Abelman'),
(486, 'Karen Seio'),
(487, 'Brian Dahlen'),
(488, 'Joy Daniels'),
(489, 'Tracy Collins'),
(490, 'Aaron Bergman'),
(491, 'Craig Leslie'),
(492, 'Arthur Wiediger'),
(493, 'Sample Company A'),
(494, 'Adam Bellavance'),
(495, 'Cindy Chapman'),
(496, 'Shahid Shariari'),
(497, 'Arianne Irving'),
(498, 'Tonja Turnell'),
(499, 'Mick Brown'),
(500, 'Bradley Drucker'),
(501, 'Jill Matthias'),
(502, 'Parhena Norris'),
(503, 'Shaun Weien'),
(504, 'James Lanier'),
(505, 'Luke Schmidt'),
(506, 'Fred Chung'),
(507, 'Darren Koutras'),
(508, 'Richard Eichhorn'),
(509, 'Tony Molinari'),
(510, 'Eugene Barchas'),
(511, 'Candace McMahon'),
(512, 'Barry Französisch'),
(513, 'Eva Jacobs'),
(514, 'Delfina Latchford'),
(515, 'Cassandra Brandow'),
(516, 'Lycoris Saunders'),
(517, 'Anthony Jacobs'),
(518, 'Aaron Hawkins'),
(519, 'Andy Reiter'),
(520, 'Roy Phan'),
(521, 'John Grady'),
(522, 'Matt Connell'),
(523, 'Muhammed Lee'),
(524, 'Denise Monton'),
(525, 'Marc Harrigan'),
(526, 'Larry Hughes'),
(527, 'Dean Braden'),
(528, 'Duane Huffman'),
(529, 'Jennifer Halladay'),
(530, 'Chloris Kastensmidt'),
(531, 'Erin Ashbrook'),
(532, 'Roy Französisch'),
(533, 'Art Ferguson'),
(534, 'Paul Prost'),
(535, 'Joy Bell-'),
(536, 'Patrick Jones'),
(537, 'Amy Hunt'),
(538, 'Dorothy Wardle'),
(539, 'Becky Pak'),
(540, 'Dave Hallsten'),
(541, 'Julie Prescott'),
(542, 'Beth Paige'),
(543, 'John Dryer'),
(544, 'Juliana Krohn'),
(545, 'Justin Deggeller'),
(546, 'Charles Sheldon'),
(547, 'Doug O Connell'),
(548, 'Brian Stugart'),
(549, 'Joe Kamberova'),
(550, 'Lynn Smith'),
(551, 'Keith Dawkins'),
(552, 'Steve Carroll'),
(553, 'Giulietta Dortch'),
(554, 'Robert Waldorf'),
(555, 'Janet Molinari'),
(556, 'Matt Abelman'),
(557, 'Lisa Ryan'),
(558, 'Susan Vittorini'),
(559, 'Randy Ferguson'),
(560, 'Allen Goldenen'),
(561, 'Ann Chong'),
(562, 'Cathy Prescott'),
(563, 'Justin Ritter'),
(564, 'Saphhira Shifley'),
(565, 'Anthony O Donnell'),
(566, 'Nathan Cano'),
(567, 'Khloe Miller'),
(568, 'Anna Chung'),
(569, 'Jason Gross'),
(570, 'Mitch Webber'),
(571, 'Jennifer Ferguson'),
(572, 'Clay Rozendal'),
(573, 'Rose O Brian'),
(574, 'Brenda Bowman'),
(575, 'Annie Zypern'),
(576, 'Sylvia Foulston'),
(577, 'Liz Willingham'),
(578, 'Nona Balk'),
(579, 'Patrick O Brill'),
(580, 'Frank Carlisle'),
(581, 'Bart Watters'),
(582, 'Robert Dilbeck'),
(583, 'Erin Creighton'),
(584, 'Roger Demir'),
(585, 'Mike Vittorini'),
(586, 'Victoria Pisteka'),
(587, 'Sean Braxton'),
(588, 'Shirley Daniels'),
(589, 'Hunter Glantz'),
(590, 'Brian Thompson'),
(591, 'Ionia McGrath'),
(592, 'Brendan Murry'),
(593, 'Nora Paige'),
(594, 'Scot Coram'),
(595, 'Brad Norvell'),
(596, 'Eric Murdock'),
(597, 'Elizabeth Moffitt'),
(598, 'Stefanie Holloman'),
(599, 'Bryan Mills'),
(600, 'Becky Martin'),
(601, 'Russell D Ascenzo'),
(602, 'Henry MacAllister'),
(603, 'Thomas Brumley'),
(604, 'Sean O Donnell'),
(605, 'Daniel Byrd'),
(606, 'Nathan Mautz'),
(607, 'Sally Matthias'),
(608, 'Speros Goranitis'),
(609, 'Chad McGuire'),
(610, 'Raymond Buch'),
(611, 'Sean Christensen'),
(612, 'Rob Lucas'),
(613, 'Sarah Bern'),
(614, 'George Zrebassa'),
(615, 'Christy Brittain'),
(616, 'Katharine Harms'),
(617, 'Dorothy Dickinson'),
(618, 'Janet Lee'),
(619, 'Laurel Beltran'),
(620, 'Shahid Hopkins'),
(621, 'Steven Ward'),
(622, 'Carol Adams'),
(623, 'Paul Stevenson'),
(624, 'Sonia Cooley'),
(625, 'Trudy Schmidt'),
(626, 'Stuart Van'),
(627, 'Joni Blumstein'),
(628, 'Deirdre Greer'),
(629, 'Carlos Meador'),
(630, 'Sara Luxemburg'),
(631, 'Maureen Gastineau'),
(632, 'Pauline Webber'),
(633, 'Sean Miller'),
(634, 'Dennis Bolton'),
(635, 'Mark Cousins'),
(636, 'Corey Catlett'),
(637, 'Bill Shonely'),
(638, 'Karen Daniels'),
(639, 'John Castell'),
(640, 'Sarah Brown'),
(641, 'Dana Kaydos'),
(642, 'Muhammed Yedwab'),
(643, 'Seth Vernon'),
(644, 'Suzanne McNair'),
(645, 'Resi Pölking'),
(646, 'Magdelene Morse'),
(647, 'Daniel Raglin'),
(648, 'Brendan Dodson'),
(649, 'Maria Etezadi'),
(650, 'Karl Braun'),
(651, 'Mark Haberlin'),
(652, 'Pete Armstrong'),
(653, 'Bryan Davis'),
(654, 'Chris McAfee'),
(655, 'Mark Hamilton'),
(656, 'Neil Französisch'),
(657, 'Frank Olsen'),
(658, 'Lindsay Castell'),
(659, 'Adam Shillingsburg'),
(660, 'Toby Braunhardt'),
(661, 'Barry Pond'),
(662, 'Neil Ducich'),
(663, 'Kalyca Meade'),
(664, 'Jason Klamczynski'),
(665, 'Jeremy Lonsdale'),
(666, 'Stephanie Ulpright'),
(667, 'Duane Benoit'),
(668, 'Ashley Jarboe'),
(669, 'Ken Brennan'),
(670, 'Christopher Martinez'),
(671, 'Vivian Mathis'),
(672, 'Kelly Williams'),
(673, 'Mathew Reese'),
(674, 'Catherine Glotzbach'),
(675, 'Sandra Flanagan'),
(676, 'Bobby Elias'),
(677, 'Theone Pippenger'),
(678, 'Craig Molinari'),
(679, 'Fred Wasserman'),
(680, 'Joy Smith'),
(681, 'Evan Bailliet'),
(682, 'Troy Blackwell'),
(683, 'Dan Lawera'),
(684, 'Sung Chung'),
(685, 'Maribeth Dona'),
(686, 'Anne Pryor');

-- --------------------------------------------------------

--
-- Table structure for table `inventory`
--

CREATE TABLE `inventory` (
  `id` int(11) NOT NULL,
  `product_id` int(11) DEFAULT NULL,
  `stock_level` int(11) DEFAULT NULL,
  `alert_threshold` int(11) DEFAULT NULL
) ENGINE=InnoDB DEFAULT CHARSET=utf8mb4 ROW_FORMAT=DYNAMIC;

--
-- Dumping data for table `inventory`
--

INSERT INTO `inventory` (`id`, `product_id`, `stock_level`, `alert_threshold`) VALUES
(1, 1, 16, 10),
(2, 2, 17, 10),
(3, 3, 13, 5),
(4, 4, 7, 10),
(5, 5, 9, 10),
(6, 6, 18, 10),
(7, 7, 15, 5),
(8, 8, 16, 10),
(9, 9, 4, 5),
(10, 18, 15, 20),
(11, 20, 19, 5),
(12, 21, 13, 10),
(13, 1076, 17, 5),
(14, 1163, 12, 10),
(15, 1498, 99, 10);

-- --------------------------------------------------------

--
-- Table structure for table `inventory_history`
--

CREATE TABLE `inventory_history` (
  `id` int(11) NOT NULL,
  `inventory_id` int(11) DEFAULT NULL,
  `status` enum('STOCK_IN','STOCK_OUT') DEFAULT NULL,
  `stock_level` int(11) DEFAULT NULL,
  `date` date DEFAULT NULL
) ENGINE=InnoDB DEFAULT CHARSET=utf8mb4 ROW_FORMAT=DYNAMIC;

--
-- Dumping data for table `inventory_history`
--

INSERT INTO `inventory_history` (`id`, `inventory_id`, `status`, `stock_level`, `date`) VALUES
(1, 1, 'STOCK_IN', 20, '2012-02-25'),
(2, 1, 'STOCK_OUT', 4, '2013-06-13'),
(3, 2, 'STOCK_IN', 20, '2012-02-25'),
(4, 3, 'STOCK_IN', 20, '2012-02-25'),
(5, 4, 'STOCK_IN', 20, '2012-02-25'),
(6, 5, 'STOCK_IN', 20, '2012-02-25'),
(7, 6, 'STOCK_IN', 20, '2012-02-25'),
(8, 7, 'STOCK_IN', 20, '2012-02-25'),
(9, 8, 'STOCK_IN', 20, '2012-02-25'),
(10, 2, 'STOCK_OUT', 8, '2013-06-09'),
(11, 3, 'STOCK_OUT', 7, '2013-06-09'),
(12, 4, 'STOCK_OUT', 13, '2013-06-09'),
(13, 5, 'STOCK_OUT', 11, '2013-06-09'),
(14, 6, 'STOCK_OUT', 2, '2013-06-09'),
(15, 7, 'STOCK_OUT', 5, '2013-06-09'),
(16, 8, 'STOCK_OUT', 4, '2013-06-09'),
(17, 9, 'STOCK_IN', 20, '2012-02-25'),
(18, 10, 'STOCK_IN', 20, '2012-02-25'),
(19, 11, 'STOCK_IN', 20, '2012-02-25'),
(20, 12, 'STOCK_IN', 20, '2012-02-25'),
(21, 13, 'STOCK_IN', 20, '2012-02-25'),
(22, 14, 'STOCK_IN', 20, '2012-02-25'),
(23, 9, 'STOCK_OUT', 5, '2013-12-06'),
(24, 10, 'STOCK_OUT', 4, '2012-11-30'),
(25, 11, 'STOCK_OUT', 1, '2012-11-30'),
(26, 12, 'STOCK_OUT', 7, '2012-11-30'),
(27, 13, 'STOCK_OUT', 3, '2012-05-12'),
(28, 14, 'STOCK_OUT', 7, '2012-05-12'),
(29, 2, 'STOCK_IN', 5, '2023-10-03'),
(30, 15, 'STOCK_IN', 99, '2023-10-03');

-- --------------------------------------------------------

--
-- Table structure for table `orders`
--

CREATE TABLE `orders` (
  `id` int(11) NOT NULL,
  `order_ID` varchar(100) DEFAULT NULL,
  `date` date DEFAULT NULL,
  `customer_id` int(11) DEFAULT NULL,
  `total_sale` float DEFAULT NULL,
  `total_quantity` float DEFAULT NULL,
  `total_profit` float DEFAULT NULL
) ENGINE=InnoDB DEFAULT CHARSET=utf8mb4 ROW_FORMAT=DYNAMIC;

--
-- Dumping data for table `orders`
--

INSERT INTO `orders` (`id`, `order_ID`, `date`, `customer_id`, `total_sale`, `total_quantity`, `total_profit`) VALUES
(1, 'CA-2013-138688\r\n', '2023-10-01', 1, 14.62, 2, 6.87),
(2, 'CA-2011-115812', '2023-10-01', 2, 3714.29, 36, 300.78),
(3, 'CA-2013-161389', '2013-12-06', 3, 407.98, 3, 132.59),
(4, 'CA-2012-135545', '2023-11-30', 9, 240.47, 9, 97.44),
(5, 'CA-2014-121258', '2023-10-03', 678, 350.54, 4, 35.02);

-- --------------------------------------------------------

--
-- Table structure for table `order_details`
--

CREATE TABLE `order_details` (
  `id` int(11) NOT NULL,
  `order_id` int(11) DEFAULT NULL,
  `product_id` int(11) DEFAULT NULL,
  `sale` float DEFAULT NULL,
  `quantity` float DEFAULT NULL,
  `profit` float DEFAULT NULL
) ENGINE=InnoDB DEFAULT CHARSET=utf8mb4 ROW_FORMAT=DYNAMIC;

--
-- Dumping data for table `order_details`
--

INSERT INTO `order_details` (`id`, `order_id`, `product_id`, `sale`, `quantity`, `profit`) VALUES
(1, 1, 1076, 14.62, 2, 6.87),
(2, 2, 2, 48.86, 7, 14.17),
(3, 2, 3, 7.28, 4, 1.97),
(4, 2, 4, 907.15, 4, 90.72),
(5, 2, 5, 18.5, 3, 5.78),
(6, 2, 6, 114.9, 5, 34.47),
(7, 2, 7, 1706.18, 9, 85.31),
(8, 2, 1076, 911.42, 4, 68.36),
(9, 3, 9, 407.89, 3, 132.59),
(10, 4, 18, 13.98, 2, 6.15),
(11, 4, 20, 146.73, 3, 68.96),
(12, 4, 21, 79.76, 4, 22.33),
(13, 5, 1076, 91.96, 2, 15.63),
(14, 5, 1163, 258.58, 2, 19.39);

-- --------------------------------------------------------

--
-- Table structure for table `products`
--

CREATE TABLE `products` (
  `id` int(11) NOT NULL,
  `category_id` int(11) DEFAULT NULL,
  `product_name` text DEFAULT NULL
) ENGINE=InnoDB DEFAULT CHARSET=utf8mb4 ROW_FORMAT=DYNAMIC;

--
-- Dumping data for table `products`
--

INSERT INTO `products` (`id`, `category_id`, `product_name`) VALUES
(1, 1, 'Self-Adhesive Address 1 for Typewriters by Universal'),
(2, 2, 'Eldon Expressions Wood and Plastic Desk 8, Cherry Wood'),
(3, 17, 'Newell 322'),
(4, 3, 'Mitel 5320 IP Phone VoIP phone'),
(5, 4, 'DXL Angle-View 4 with Locking Rings by Samsill'),
(6, 5, 'Belkin F5C206VTEL 6 Outlet Surge'),
(7, 6, 'Chromcraft Rectangular Conference 6'),
(8, 3, 'Konftel 250 Conference  phone  - Charcoal black'),
(9, 4, 'Fellowes PB200 Plastic Comb Binding Machine'),
(10, 7, 'Fellowes Super Stor/Drawer'),
(11, 17, 'Newell 341'),
(12, 3, 'Cisco SPA 501G IP Phone'),
(13, 4, 'Wilson Jones Hanging View Binder, White, 1\"'),
(14, 6, 'Bretford CR4500 Series Slim Rectangular Table'),
(15, 4, 'Wilson Jones Active Use 4'),
(16, 8, 'Imation 8GB Mini TravelDrive USB 2.0 Flash Drive'),
(17, 7, 'Eldon Base for stackable 7 shelf, platinum'),
(18, 8, 'Verbatim 25 GB 6x Blu-ray Single Layer Recordable Disc, 3/Pack'),
(19, 4, 'Acco PRESSTEX Data Binder with 7 Hooks, Dark Blue, 14 7/8\" X 11\"'),
(20, 9, 'Xerox 1943'),
(21, 2, 'Luxo Economy Swing Arm Lamp'),
(22, 17, 'Hunt BOSTON Model 1606 High-Volume Electric Pencil Sharpener, Beige'),
(23, 3, 'netTALK DUO VoIP Telephone Service'),
(24, 17, 'Premium Writing Pencils, Soft, #2 by Central Association for the Blind'),
(25, 7, 'Sortfiler Multipurpose Personal File Organizer, Black'),
(26, 17, 'Turquoise Lead Holder with Pocket Clip'),
(27, 3, 'Panasonic Kx-TS550'),
(28, 9, 'Xerox 1995'),
(29, 4, 'Flexible Leather- Look Classic Collection Ring Binder'),
(30, 4, 'Trimflex Flexible Post 4'),
(31, 8, 'Logitech K350 2.4Ghz Wireless Keyboard'),
(32, 2, 'Deflect-o DuraMat Lighweight, Studded, Beveled Mat for Low Pile Carpeting'),
(33, 4, 'Avery Trapezoid Ring Binder, 3\" Capacity, Black, 1040 sheets'),
(34, 6, 'Hon Racetrack Conference 6'),
(35, 4, 'Avery Durable Slant Ring 4, No 1'),
(36, 7, 'Trav-L-File Heavy-Duty Shuttle II, Black'),
(37, 10, 'Global Task Chair, Black'),
(38, 2, 'Eldon Cleatmat Plus Chair Mats for High Pile Carpets'),
(39, 9, 'Xerox 195'),
(40, 9, 'Xerox 1880'),
(41, 17, 'Sanford Colorific Colored Pencils, 12/Box'),
(42, 11, 'Ideal Clamps'),
(43, 4, 'GBC Wire Binding Strips'),
(44, 12, 'Fiskars Softgrip Scissors'),
(45, 2, 'Longer-Life Soft White Bulbs'),
(46, 17, 'Newell 343'),
(47, 13, 'Convenience Packs of Business 13'),
(48, 9, 'Xerox 1911'),
(49, 7, 'Safco Industrial Wire Shelving'),
(50, 5, 'Belkin 7 Outlet SurgeMaster Surge Protector with Phone Protection'),
(51, 3, 'Jabra BIZ 2300 Duo QD Duo Corded Headset'),
(52, 9, 'Southworth 25% Cotton Antique Laid 9 & 13'),
(53, 9, 'Xerox 1883'),
(54, 7, 'Tenex Personal Project File with Scoop Front Design, Black'),
(55, 17, 'Newell 311'),
(56, 10, 'Global Deluxe High-Back Manager\'s Chair'),
(57, 9, 'Xerox 1920'),
(58, 13, 'Staples'),
(59, 4, 'Wilson Jones International Size A4 Ring 4'),
(60, 9, 'Adams Phone Message Book, Professional, 400 Message Capacity, 5 3/6   x 11  '),
(61, 9, 'Xerox 1913'),
(62, 10, 'Global Value Steno Chair, Gray'),
(63, 8, 'SanDisk Ultra 32 GB MicroSDHC Class 10 Memory Card'),
(64, 13, 'Poly String Tie 13'),
(65, 6, 'BoxOffice By Design Rectangular and Half-Moon Meeting Room 6'),
(66, 5, 'Bravo II Megaboss 12-Amp Hard Body Upright, Replacement Belts, 2 Belts per Pack'),
(67, 3, 'Nortel Business Series Terminal T7208 Digital phone'),
(68, 7, 'Personal Filing Tote with Lid, Black/Gray'),
(69, 3, 'Adtran 1202752G1'),
(70, 9, 'Xerox 4200 Series MultiUse Premium Copy 9 (20Lb. and 84 Bright)'),
(71, 10, 'Global Leather Highback Executive Chair with Pneumatic Height Adjustment, Black'),
(72, 9, 'Wirebound Message Books, Two 4 1/4\" x 5\" Forms per Page'),
(73, 8, 'Logitech P710e Mobile Speakerphone'),
(74, 8, 'Microsoft Sculpt Comfort Mouse'),
(75, 7, 'Adjustable Depth Letter/Legal C17'),
(76, 8, 'Logitech 910-002974 M325 Wireless Mouse for Web Scrolling'),
(77, 2, 'Regeneration Desk Collection'),
(78, 4, 'Presstex Flexible Ring 4'),
(79, 9, 'Ampad Gold Fibre Wirebound Steno Books, 6\" x 9\", Gregg Ruled'),
(80, 17, 'Newell 330'),
(81, 6, 'Bevis Round Bullnose 29\" High Table Top'),
(82, 8, 'Microsoft Arc Touch Mouse'),
(83, 9, 'Xerox 216'),
(84, 2, 'Howard Miller 13\" Diameter Goldtone Round Wall Clock'),
(85, 10, 'Global Deluxe Office Fabric 10'),
(86, 2, 'Eldon ClusterMat Chair Mat with Cordless Antistatic Protection'),
(87, 4, 'Ibico Laser Imprintable Binding System Covers'),
(88, 11, 'Vinyl Coated Wire 9 Clips in Organizer Box, 800/Box'),
(89, 2, 'C-Line Cubicle Keepers Polyproplyene Holder With Velcro Backings'),
(90, 10, 'Hon 4070 Series Pagoda Armless Upholstered Stacking 10'),
(91, 2, 'Eldon Expressions Desk Accessory, Wood Photo Frame, Mahogany'),
(92, 1, 'Avery 509'),
(93, 11, 'OIC Binder Clips'),
(94, 8, 'Logitech Wireless Headset h800'),
(95, 4, 'Storex Dura Pro 4'),
(96, 14, 'Hewlett Packard LaserJet 3310 Copier'),
(97, 4, 'Avery Non-Stick 4'),
(98, 4, 'Tuff Stuff Recycled Round Ring 4'),
(99, 6, 'Hon 5100 Series Wood 6'),
(100, 11, 'OIC Binder Clips, Mini, 1/4\" Capacity, Black'),
(101, 3, 'Anker 36W 4-Port USB Wall Charger Travel Power Adapter for iPhone 5s 5c 5'),
(102, 7, 'Gould Plastics 9-Pocket Panel Bin, 18-3/8w x 5-1/4d x 20-1/2h, Black'),
(103, 4, 'Wilson Jones Custom Binder Spines & 1'),
(104, 8, 'NETGEAR AC1750 Dual Band Gigabit Sm17 WiFi Router'),
(105, 17, 'Newell 324'),
(106, 8, 'Microsoft Natural Keyboard Elite'),
(107, 9, 'Southworth Structures Collection'),
(108, 4, 'Square Ring Data 4, Rigid 75 Pt. Covers, 11\" x 14-7/8\"'),
(109, 3, 'Nortel Meridian M3904 Professional Digital phone'),
(110, 14, 'Canon PC1080F Personal Copier'),
(111, 4, 'Tuf-Vin 4'),
(112, 8, 'Sony 64GB Class 10 Micro SDHC R40 Memory Card'),
(113, 14, 'Sharp AL-1530CS Digital Copier'),
(114, 9, 'Wirebound Message Book, 4 per Page'),
(115, 6, 'Bevis Round Conference Table Top, X-Base'),
(116, 9, 'Wirebound Service Call Books, 5 1/2\" x 4\"'),
(117, 1, 'Self-Adhesive Removable 1'),
(118, 9, 'Xerox 1908'),
(119, 15, 'O\'Sullivan 4-Shelf Bookcase in Odessa Pine'),
(120, 10, 'Novimex High-Tech Fabric Mesh Task Chair'),
(121, 9, 'Xerox 191'),
(122, 17, 'Bulldog Vacuum Base Pencil Sharpener'),
(123, 10, 'Bevis Steel Folding 10'),
(124, 17, 'American Pencil'),
(125, 13, 'White 13, White 13 with Clear Poly Window'),
(126, 8, 'KeyTronic  6101 Series -  Keyboard  - Black'),
(127, 10, 'Global Geo Office Task Chair, Gray'),
(128, 5, '3M Office Air Cleaner'),
(129, 8, 'Logitech G700s Rechargeable Gaming Mouse'),
(130, 4, 'Acco D-Ring Binder w/DublLock'),
(131, 2, 'Eldon Wave Desk 8'),
(132, 6, 'Bush Advantage Collection Racetrack Conference Table'),
(133, 4, 'Poly Designer Cover & Back'),
(134, 12, 'Premier Electric Letter Opener'),
(135, 5, 'Fellowes Premier Superior Surge Suppressor, 10-Outlet, With Phone and Remote'),
(136, 7, 'SAFCO Boltless Steel Shelving'),
(137, 15, 'Sauder Mission Library with Doors, Fruitwood Finish'),
(138, 3, 'Samsung Galaxy Note 3'),
(139, 7, 'Decoflex Hanging Personal Folder File, Blue'),
(140, 9, 'Recycled Desk Saver Line \"While You Were Out\" Book, 5 1/2\" X 4\"'),
(141, 9, 'Xerox 1912'),
(142, 3, 'Cisco SPA525G2 IP Phone - Wireless'),
(143, 8, 'Imation  USB 2.0 Swivel  Flash Drive  USB  flash drive  - 4 GB - Pink'),
(144, 1, 'Alphabetical 1 for Top Tab Filing'),
(145, 15, 'O\'Sullivan Living Dimensions 2-Shelf 15'),
(146, 3, 'iHome FM Clock Radio with Lightning Dock'),
(147, 8, 'Sony Micro Vault Click 8 GB USB 2.0 Flash Drive'),
(148, 4, 'Clear Mylar Reinforcing Strips'),
(149, 2, 'Howard Miller 14-1/2\" Diameter Chrome Round Wall Clock'),
(150, 10, 'DMI 17uro Collection Mission-style Design Wood Chair'),
(151, 2, 'Deflect-O Glasstique Clear Desk 8'),
(152, 4, 'Vinyl Sectional Post 4'),
(153, 4, 'GBC Standard Therm-A-Bind Covers'),
(154, 10, 'Global Troy Executive Leather Low-Back Tilter'),
(155, 4, 'Storex Flexible Poly 4 with Double Pockets'),
(156, 9, 'White Dual Perf Computer Printout 9, 2700 Sheets, 1 P17, Heavyweight, 20 lbs., 14 7/8 x 11'),
(157, 17, 'Newell 327'),
(158, 17, 'Newell 317'),
(159, 14, 'Canon Image Class D660 Copier'),
(160, 7, 'Advantus Rolling 7 Box'),
(161, 9, 'Great White Multi-Use Recycled 9 (20Lb. and 84 Bright)'),
(162, 7, 'Tennsco Single-Tier Lockers'),
(163, 3, 'Motorola HK250 Universal Bluetooth Headset'),
(164, 8, 'Imation  16GB Mini TravelDrive USB 2.0  Flash Drive'),
(165, 10, 'Safco Contoured Stacking 10'),
(166, 2, 'Tenex Chairmats For Use With Carpeted Floors'),
(167, 7, 'Sterilite Officeware Hinged File Box'),
(168, 3, 'LG Electronics Tone+ HBS-730 Bluetooth Headset'),
(169, 10, 'HON 5400 Series Task 10 for Big and Tall'),
(170, 7, 'Tennsco 16-Comp17ment Lockers with Coat Rack'),
(171, 1, 'Avery 473'),
(172, 6, 'Bretford   Just In Time   Height-Adjustable Multi-Task Work 6'),
(173, 9, 'Xerox 226'),
(174, 2, 'Coloredge Poster Frame'),
(175, 4, 'GBC Prepunched 9, 19-Hole, for Binding Systems, 24-lb'),
(176, 11, 'Alliance Big Bands Rubber Bands, 12/Pack'),
(177, 3, 'Cisco SPA301'),
(178, 9, 'Personal Creations Ink Jet Cards and 1'),
(179, 4, 'GBC White Gloss Covers, Plain Front'),
(180, 9, 'Xerox 222'),
(181, 10, 'Hon Every-Day Series Multi-Task 10'),
(182, 17, 'Newell 332'),
(183, 9, 'Rediform S.O.S. Phone Message Books'),
(184, 12, 'Acme Value Line Scissors'),
(185, 12, 'M17in-Yale Premier Letter Opener'),
(186, 3, 'GE 30524EE4'),
(187, 3, 'AT&T SB67148 SynJ'),
(188, 5, 'Fellowes Basic Home/Office Series Surge Protectors'),
(189, 4, 'Recycled Pressboard Report Cover with Reinforced Top Hinge'),
(190, 3, 'i.Sound Portable Power - 8000 mAh'),
(191, 9, 'Xerox 225'),
(192, 9, 'Xerox 1894'),
(193, 5, 'Fellowes Superior 10 Outlet Split Surge Protector'),
(194, 3, 'AT&T 1070 Corded Phone'),
(195, 2, 'Dana Halogen Swing-Arm Architect Lamp'),
(196, 5, 'Belkin Premiere Surge Master II 8-outlet surge protector'),
(197, 4, 'Acco Pressboard Covers with 7 Hooks, 9 1/2\" x 11\", Executive Red'),
(198, 7, 'Tennsco Regal Shelving Units'),
(199, 8, 'Imation  32GB Pocket Pro USB 3.0  Flash Drive  - 32 GB - Black - 1 P ...'),
(200, 3, 'Jabra SPEAK 410'),
(201, 4, 'Premium Transparent Presentation Covers by GBC'),
(202, 5, 'Tripp Lite TLP810NET Broadband Surge for Modem/Fax'),
(203, 2, 'Luxo Professional Fluorescent Magnifier Lamp with Clamp-Mount Base'),
(204, 4, 'Wilson Jones Turn Tabs Binder Tool for Ring 4'),
(205, 7, 'Economy Rollaway Files'),
(206, 1, 'Avery 480'),
(207, 5, 'Belkin F9H710-06 7 Outlet SurgeMaster Surge Protector'),
(208, 2, '3M Hangers With Command Adhesive'),
(209, 3, 'AT&T TR1909W'),
(210, 8, 'First Data FD10 PIN Pad'),
(211, 8, 'Imation Bio 8GB USB  Flash Drive Imation  Corp'),
(212, 9, 'Xerox 1977'),
(213, 2, 'Tenex \"The Solids\" Textured Chair Mats'),
(214, 6, 'Laminate Occasional 6'),
(215, 4, 'Cardinal Holdit Business Card Pockets'),
(216, 2, 'Aluminum Document Frame'),
(217, 9, 'Tops Green Bar Computer Printout 9'),
(218, 7, 'Carina Double Wide Media 7 Towers in Natural & Black'),
(219, 8, 'Logitech  Illuminated - Keyboard'),
(220, 4, 'Wilson Jones Century Plastic Molded Ring 4'),
(221, 4, 'Wilson Jones Leather-Like 4 with DublLock Round Rings'),
(222, 15, 'O\'Sullivan Cherrywood Estates Traditional Bookcase'),
(223, 4, 'Acco Translucent Poly Ring 4'),
(224, 8, 'Logitech Wireless Touch Keyboard K400'),
(225, 6, 'KI Conference 6'),
(226, 7, 'Fellowes Officeware Wire Shelving'),
(227, 14, 'Hewlett Packard 610 Color Digital Copier / Printer'),
(228, 2, '12-1/2 Diameter Round Wall Clock'),
(229, 10, 'Hon GuestStacker Chair'),
(230, 9, 'Xerox 1974'),
(231, 9, 'Xerox 1927'),
(232, 4, 'Heavy-Duty E-Z-D 4'),
(233, 10, 'Lifetime Advantage Folding 10, 4/C17on'),
(234, 1, 'Avery 499'),
(235, 10, 'Situations Contoured Folding 10, 4/Set'),
(236, 2, 'Executive Impressions 14\" Contract Wall Clock'),
(237, 3, 'Logitech Mobile Speakerphone P710e -  speaker phone'),
(238, 2, 'Eldon Stackable Tray, Side-Load, Legal, Smoke'),
(239, 17, 'Model L Table or Wall-Mount Pencil Sharpener'),
(240, 3, 'ClearOne CHATAttach 160 -  speaker phone'),
(241, 17, 'Newell 32'),
(242, 5, 'Belkin F9G930V10-GRY 9 Outlet Surge'),
(243, 8, 'Sony 16GB Class 10 Micro SDHC R40 Memory Card'),
(244, 8, 'Razer Tiamat Over Ear 7.1 Surround Sound PC Gaming Headset'),
(245, 8, 'Kingston Digital DataTraveler 32GB USB 2.0'),
(246, 8, 'Sony Micro Vault Click 16 GB USB 2.0 Flash Drive'),
(247, 4, 'Fellowes Binding Cases'),
(248, 4, 'Ibico Plastic and Wire Spiral Binding Combs'),
(249, 12, 'Acme Preferred Stainless Steel Scissors'),
(250, 1, 'Avery 486'),
(251, 17, 'DIXON Oriole Pencils'),
(252, 9, 'Xerox 202'),
(253, 17, 'Deluxe Chalkboard Eraser Cleaner'),
(254, 17, 'Binney & Smith Crayola Metallic Crayons, 16-Color Pack'),
(255, 4, 'Fellowes Black Plastic Comb Bindings'),
(256, 7, 'Eldon Shelf Savers Cubes and Bins'),
(257, 9, 'Xerox 1987'),
(258, 7, 'File Shuttle I and Handi-File'),
(259, 4, 'Binding Machine 12'),
(260, 9, 'Xerox 1923'),
(261, 7, 'Fellowes Neat Ideas 7 Cubes'),
(262, 9, 'Xerox 1931'),
(263, 9, 'Xerox 213'),
(264, 5, 'Fellowes 8 Outlet Superior Workstation Surge Protector w/o Phone/Fax/Modem Protection'),
(265, 9, 'Message Book, Standard Line \"While You Were Out\", 5 1/2\" X 4\", 200 Sets/Book'),
(266, 4, 'Acco Pressboard Covers with 7 Hooks, 14 7/8\" x 11\", Dark Blue'),
(267, 7, 'Standard Rollaway File with Lock'),
(268, 4, 'Avery Trapezoid Extra Heavy Duty 4\" 4'),
(269, 6, 'Bevis Boat-Shaped Conference Table'),
(270, 3, 'Logitech B530 USB  Headset  -  headset  - Full size, Binaural'),
(271, 4, 'Avery Durable Slant Ring 4'),
(272, 9, 'Universal Ultra Bright White Copier/Laser 9, 8 1/2\" x 11\", Ream'),
(273, 2, 'Luxo Professional Combination Clamp-On Lamps'),
(274, 13, 'White Business 13 with Contemporary Seam, Recycled White Business 13'),
(275, 4, 'Wilson Jones Easy Flow II Sheet Lifters'),
(276, 17, 'BIC Brite Liner Grip Highlighters, Assorted, 5/Pack'),
(277, 3, 'Samsung Galaxy S III - 16GB - pebble blue (T-Mobile)'),
(278, 10, 'Global Airflow Leather Mesh Back Chair, Black'),
(279, 11, 'Advantus SlideClip 9 Clips'),
(280, 9, 'Xerox 1979'),
(281, 17, 'Boston 16801 Nautilus Battery Pencil Sharpener'),
(282, 7, 'Fellowes Super Stor/Drawer Files'),
(283, 13, 'Redi-Strip #10 13, 4 1/8 x 9 1/2'),
(284, 4, 'UniKeep View Case 4'),
(285, 2, 'Eldon Delta Triangular Chair Mat, 52\" x 58\", Clear'),
(286, 2, 'Howard Miller 13-3/4\" Diameter Brushed Chrome Round Wall Clock'),
(287, 7, 'Project Tote Personal File'),
(288, 6, 'Bevis 36 x 72 Conference 6'),
(289, 8, 'Enermax Acrylux Wireless Keyboard'),
(290, 4, 'GBC Plastic Binding Combs'),
(291, 4, 'Aluminum Screw Posts'),
(292, 3, 'Plantronics HL10 Handset Lifter'),
(293, 8, 'Logitech Wireless Performance Mouse MX for PC and Mac'),
(294, 4, 'Avery Hole Reinforcements'),
(295, 4, 'Wilson Jones Ledger-Size, Piano-Hinge Binder, 2\", Blue'),
(296, 10, 'Global Value Mid-Back Manager\'s Chair, Gray'),
(297, 17, 'Newell 333'),
(298, 9, 'Xerox 1881'),
(299, 4, 'Avery Durable Slant Ring 4 With Label Holder'),
(300, 4, 'Round Ring 4'),
(301, 8, 'Micropad Numeric Keypads'),
(302, 5, 'Belkin 8 Outlet SurgeMaster II Gold Surge Protector'),
(303, 4, 'Avery Printable Repositionable Plastic Tabs'),
(304, 3, 'Nokia Lumia 521 (T-Mobile)'),
(305, 1, 'Avery 488'),
(306, 17, 'Stanley Contemporary Battery Pencil Sharpeners'),
(307, 3, 'AT&T 1080 Corded phone'),
(308, 6, 'Hon 4060 Series 6'),
(309, 17, 'Newell 326'),
(310, 2, 'GE General Purpose, Extra Long Life, Showcase & Floodlight Incandescent Bulbs'),
(311, 8, 'Logitech ClearChat Comfort/USB Headset H390'),
(312, 17, 'Newell 346'),
(313, 9, 'Rediform Wirebound \"Phone Memo\" Message Book, 11 x 5-3/4'),
(314, 15, 'Bush Saratoga Collection 5-Shelf Bookcase, Hanover Cherry, *Special Order'),
(315, 11, 'Stockwell Push Pins'),
(316, 9, 'Xerox 223'),
(317, 16, 'Star Micronics TSP800 TSP847IIU Receipt Printer'),
(318, 7, 'Fellowes Mobile File C17, Black'),
(319, 17, 'Crayola Anti Dust Chalk, 12/Pack'),
(320, 4, 'Lock-Up Easel \'Spel-Binder\''),
(321, 10, 'Hon Deluxe Fabric Upholstered Stacking 10'),
(322, 17, 'BOSTON Model 1800 Electric Pencil Sharpeners, Putty/Woodgrain'),
(323, 4, 'ACCOHIDE Binder by Acco'),
(324, 4, 'Peel & Stick Add-On Corner Pockets'),
(325, 7, 'Carina 42\"Hx23 3/4\"W Media 7 Unit'),
(326, 9, 'Xerox 220'),
(327, 7, 'Recycled Data-Pak for Archival Bound Computer Printouts, 12-1/2 x 12-1/2 x 16'),
(328, 5, 'Kensington 6 Outlet Guardian Standard Surge Protector'),
(329, 3, 'Toshiba IPT2010-SD IP  Telephone'),
(330, 10, 'GuestStacker Chair with Chrome Finish Legs'),
(331, 9, 'Xerox 1924'),
(332, 10, 'Hon 4700 Series Mobuis Mid-Back Task 10 with Adjustable Arms'),
(333, 7, 'Sauder Facets Collection Locker/File Cabinet, Sky Alder Finish'),
(334, 7, 'Fellowes Strictly Business Drawer File, Letter/Legal Size'),
(335, 3, 'GE DSL Phone Line Filter'),
(336, 13, '#10- 4 1/8\" x 9 1/2\" Security-Tint 13'),
(337, 2, 'Dax Clear Box Frame'),
(338, 17, 'SANFORD Liquid Accent Tank-Style Highlighters'),
(339, 2, 'Eldon Image Series Desk 8, Ebony'),
(340, 17, 'Sanford 52201 APSCO Electric Pencil Sharpener'),
(341, 6, 'Hon Non-Folding Utility 6'),
(342, 6, 'Bretford Rectangular Conference Table Tops'),
(343, 15, 'Bestar Classic Bookcase'),
(344, 17, 'Pencil and Crayon Sharpener'),
(345, 7, 'Letter Size C17'),
(346, 4, 'ACCOHIDE 3-Ring Binder, Blue, 1\"'),
(347, 9, 'Xerox 1996'),
(348, 9, 'Xerox 1973'),
(349, 1, 'Avery 511'),
(350, 5, 'Kensington 4 Outlet MasterPiece Compact Power Control Center'),
(351, 4, 'Cardinal Slant-D Ring Binder, Heavy Gauge Vinyl'),
(352, 4, 'GBC Binding covers'),
(353, 9, 'Xerox 1898'),
(354, 5, 'Belkin 6 Outlet Metallic Surge Strip'),
(355, 7, 'Fellowes Bankers Box Recycled Super Stor/Drawer'),
(356, 10, 'Hon Valutask Swivel 10'),
(357, 9, 'Eureka Recycled Copy 9 8 1/2\" x 11\", Ream'),
(358, 2, 'Seth Thomas 12\" Clock w/ Goldtone Case'),
(359, 17, 'Panasonic KP-310 Heavy-Duty Electric Pencil Sharpener'),
(360, 4, 'Wilson Jones Legal Size Ring 4'),
(361, 2, 'Westinghouse Clip-On Gooseneck Lamps'),
(362, 3, 'Motorola L804'),
(363, 9, 'Things To Do Today Pad'),
(364, 10, 'Leather Task Chair, Black'),
(365, 4, 'Cardinal EasyOpen D-Ring 4'),
(366, 16, 'DYMO CardScan Personal V9 Business Card Scanner'),
(367, 8, 'Case Logic 2.4GHz Wireless Keyboard'),
(368, 10, 'Hon 2090   Pillow Soft   Series Mid Back Swivel/Tilt 10'),
(369, 2, 'Deflect-o SuperTray Unbreakable Stackable Tray, Letter, Black'),
(370, 15, 'Atlantic Metals Mobile 4-Shelf 15, Custom Colors'),
(371, 17, 'Dixon My First Ticonderoga Pencil, #2'),
(372, 1, 'Avery 490'),
(373, 4, 'Pressboard Data Binder, Crimson, 12\" X 8 1/2\"'),
(374, 6, 'Lesro Round Back Collection Coffee Table, End Table'),
(375, 5, 'Hoover WindTunnel Plus Canister Vacuum'),
(376, 9, 'Xerox 1934'),
(377, 17, 'Newell 329'),
(378, 3, 'Panasonic KX T7731-B Digital phone'),
(379, 7, 'Safco Wire Cube Shelving System, For Use as 4 or 5 14\" Cubes, Black'),
(380, 4, 'Ibico Standard Transparent Covers'),
(381, 8, 'Logitech G13 Programmable Gameboard with LCD Display'),
(382, 2, 'DAX Executive Solid Wood Document Frame, Desktop or Hang, Mahogany, 5 x 7'),
(383, 9, 'Petty Cash Envelope'),
(384, 4, 'GBC VeloBinder Electric Binding Machine'),
(385, 5, '3M Replacement Filter for Office Air Cleaner for 20\' x 33\' Room'),
(386, 7, '2300 Heavy-Duty Transfer File Systems by Perma'),
(387, 3, 'Samsung Rugby III'),
(388, 4, 'Prestige Round Ring 4'),
(389, 4, 'Acco Four Pocket Poly Ring Binder with Label Holder, Smoke, 1\"'),
(390, 1, 'Avery 4027 File Folder 1 for Dot Matrix Printers, 5000 1 per Box, White'),
(391, 9, 'Strathmore Photo Mount Cards'),
(392, 4, 'Deluxe Heavy-Duty Vinyl Round Ring Binder'),
(393, 3, 'OtterBox Defender Series Case - iPhone 5c'),
(394, 4, 'Wilson Jones DublLock D-Ring 4'),
(395, 4, 'Wilson Jones Heavy-Duty Casebound Ring 4 with Metal Hinges'),
(396, 8, 'SanDisk Ultra 64 GB MicroSDHC Class 10 Memory Card'),
(397, 1, 'Avery 482'),
(398, 3, 'Square Credit Card Reader'),
(399, 9, 'Xerox 192'),
(400, 9, 'HP Office Recycled 9 (20Lb. and 87 Bright)'),
(401, 7, 'X-Rack File for Hanging Folders'),
(402, 8, 'WD My Passport Ultra 500GB Portable External Hard Drive'),
(403, 3, 'Cisco IP Phone 7961G-GE VoIP phone'),
(404, 8, 'Logitech Trackman Marble Mouse'),
(405, 2, 'Magna Visual Magnetic Picture Hangers'),
(406, 4, 'Avery Durable Plastic 1\" 4'),
(407, 3, 'iKross Bluetooth Portable Keyboard + Cell Phone Stand Holder + Brush for Apple iPhone 5S 5C 5, 4S 4'),
(408, 2, 'DAX Value U-Channel Document Frames, Easel Back'),
(409, 17, 'Prang Dustless Chalk Sticks'),
(410, 6, 'Hon 2111 Invitation Series Corner Table'),
(411, 2, 'Eldon Image Series Desk 8, Burgundy'),
(412, 17, 'Boston Heavy-Duty Trimline Electric Pencil Sharpeners'),
(413, 17, '4009 Highlighters by Sanford'),
(414, 4, 'Avery Durable Poly 4'),
(415, 2, 'Howard Miller 13\" Diameter Pewter Finish Round Wall Clock'),
(416, 9, 'Xerox 1970'),
(417, 9, 'Xerox 1960'),
(418, 7, 'Belkin 19\" Vented Equipment Shelf, Black'),
(419, 7, 'Neat Ideas Personal Hanging Folder Files, Black'),
(420, 11, 'OIC Bulk Pack Metal Binder Clips'),
(421, 15, 'Bush Andora Bookcase, Maple/Graphite Gray Finish'),
(422, 4, 'GBC Recycled Grain Textured Covers'),
(423, 17, 'Newell 310'),
(424, 6, 'KI Adjustable-Height Table'),
(425, 4, 'Acco Pressboard Covers with 7 Hooks, 14 7/8\" x 11\", Light Blue'),
(426, 1, 'Avery 518'),
(427, 3, 'Wireless Extenders zBoost YX545 SOHO Signal Booster'),
(428, 10, 'Novimex Swivel Fabric Task Chair'),
(429, 13, 'Pastel Pink 13'),
(430, 8, 'Belkin F8E887 USB Wired Ergonomic Keyboard'),
(431, 3, 'Pyle PRT45 Retro Home  Telephone'),
(432, 9, 'Spiral Phone Message Books with 1 by Adams'),
(433, 3, 'PowerGen Dual USB Car Charger'),
(434, 17, 'Newell 307'),
(435, 17, 'Panasonic KP-4ABK Battery-Operated Pencil Sharpener'),
(436, 4, 'Angle-D 4 with Locking Rings, Label Holders'),
(437, 9, 'Adams Telephone Message Book W/Dividers/Space For Phone Numbers, 5 1/4\"X8 1/2\", 200/Messages'),
(438, 4, 'Avery Binder 1'),
(439, 15, 'Sauder Inglewood Library 15'),
(440, 3, 'VTech DS6151'),
(441, 2, 'GE 48\" Fluorescent Tube, Cool White Energy Saver, 34 Watts, 30/Box'),
(442, 1, 'Dot Matrix Printer Tape Reel 1, White, 5000/Box'),
(443, 8, 'Micro Innovations USB RF Wireless Keyboard with Mouse'),
(444, 3, 'ShoreTel ShorePhone IP 230 VoIP phone'),
(445, 8, 'Plantronics Savi W720 Multi-Device Wireless Headset System'),
(446, 9, 'Xerox 2'),
(447, 7, 'Office Impressions Heavy Duty Welded Shelving & Multimedia 7 Drawers'),
(448, 3, 'Jawbone MINI JAMBOX Wireless Bluetooth Speaker'),
(449, 7, 'Deluxe Rollaway Locking File with Drawer'),
(450, 14, 'Canon PC940 Copier'),
(451, 9, 'Multicolor Computer Printout 9'),
(452, 9, 'Xerox 1940'),
(453, 9, 'Xerox 1986'),
(454, 7, 'Eldon Portable Mobile Manager'),
(455, 11, 'Binder Clips by OIC'),
(456, 4, 'Wilson Jones 1\" Hanging DublLock Ring 4'),
(457, 7, 'Fellowes Bankers Box Stor/Drawer Steel Plus'),
(458, 3, 'RCA Visys Integrated PBX 8-Line Router'),
(459, 4, 'GBC Velobind Prepunched Cover Sets, Regency Series'),
(460, 4, 'Cardinal Slant-D Ring 4'),
(461, 7, 'Home/Office Personal File C17s'),
(462, 9, 'Universal Premium White Copier/Laser 9 (20Lb. and 87 Bright)'),
(463, 9, 'Xerox 1887'),
(464, 2, 'C-Line Magnetic Cubicle Keepers, Clear Polypropylene'),
(465, 1, 'Avery 497'),
(466, 4, 'GBC Standard Recycled Report Covers, Clear Plastic Sheets'),
(467, 1, 'Avery 500'),
(468, 3, 'Geemarc AmpliPOWER60'),
(469, 9, '\"While you Were Out\" Message Book, One Form per Page'),
(470, 10, 'Global Leather Task Chair, Black'),
(471, 5, 'Acco 7-Outlet Masterpiece Power Center, Wihtout Fax/Phone Line Protection'),
(472, 15, 'O\'Sullivan Manor Hill 2-Door Library in Brianna Oak'),
(473, 8, 'Kingston Digital DataTraveler 16GB USB 2.0'),
(474, 8, 'TRENDnet 56K USB 2.0 Phone, Internet and Fax Modem'),
(475, 1, 'Avery 494'),
(476, 9, 'Xerox 1962'),
(477, 15, 'Sauder Camden County Barrister Bookcase, Planked Cherry Finish'),
(478, 4, 'DXL Angle-View 4 with Locking Rings, Black'),
(479, 15, 'Sauder Camden County Collection Libraries, Planked Cherry Finish'),
(480, 9, 'Xerox 1919'),
(481, 17, 'Prang Colored Pencils'),
(482, 2, 'Howard Miller 11-1/2\" Diameter Grantwood Wall Clock'),
(483, 3, 'Samsung Galaxy Note 2'),
(484, 8, 'SanDisk Cruzer 64 GB USB Flash Drive'),
(485, 1, 'Avery 501'),
(486, 17, 'Binney & Smith Crayola Metallic Colored Pencils, 8-Color Set'),
(487, 1, 'Avery 513'),
(488, 4, 'Avery 3 1/2\" Diskette 7 Pages, 10/Pack'),
(489, 2, 'Seth Thomas 14\" Day/Date Wall Clock'),
(490, 2, 'Executive Impressions 8-1/2\" Career Panel/P17ition Cubicle Clock'),
(491, 2, 'Howard Miller 12\" Round Wall Clock'),
(492, 17, 'Newell 334'),
(493, 6, 'Hon 30\" x 60\" Table with Locking Drawer'),
(494, 6, 'Safco Drafting Table'),
(495, 10, 'Global High-Back Leather Tilter, Burgundy'),
(496, 2, 'Ultra Door Pull Handle'),
(497, 9, 'Xerox 1972'),
(498, 17, 'Avery Hi-Liter Fluorescent Desk Style Markers'),
(499, 9, 'IBM Multi-Purpose Copy 9, 8 1/2 x 11\", Case'),
(500, 4, 'Ibico Hi-Tech Manual Binding System'),
(501, 9, 'Xerox 218'),
(502, 10, 'Global Comet Stacking Armless Chair'),
(503, 8, 'Memorex Froggy Flash Drive 8 GB'),
(504, 2, 'Hand-Finished Solid Wood Document Frame'),
(505, 3, 'Avaya 4621SW VoIP phone'),
(506, 9, 'Eaton Premium Continuous-Feed 9, 25% Cotton, Letter Size, White, 1000 Shts/Box'),
(507, 9, 'Xerox 214'),
(508, 7, 'Safco Commercial Shelving'),
(509, 3, 'Mitel MiVoice 5330e IP Phone'),
(510, 3, 'Motorola Moto X'),
(511, 9, 'Tops White Computer Printout 9'),
(512, 8, 'Enermax Briskie RF Wireless Keyboard and Mouse Combo'),
(513, 2, 'Ultra Door Push Plate'),
(514, 4, 'GBC Twin Loop Wire Binding Elements'),
(515, 7, 'Perma STOR-ALL Hanging File Box, 13 1/8\"W x 12 1/4\"D x 10 1/2\"H'),
(516, 10, 'SAFCO Arco Folding Chair'),
(517, 17, 'Newell 321'),
(518, 7, 'Fellowes Personal Hanging Folder Files, Navy'),
(519, 9, 'Wirebound Message Books, Four 2 3/4 x 5 White Forms per Page'),
(520, 17, 'Eldon Spacemaker Box, Quick-Snap Lid, Clear'),
(521, 11, 'Plymouth Boxed Rubber Bands by Plymouth'),
(522, 17, 'Dixon Ticonderoga Erasable Colored Pencil Set, 12-Color'),
(523, 4, 'GBC Imprintable Covers'),
(524, 12, 'Acme Elite Stainless Steel Scissors'),
(525, 9, 'Wirebound Message Books, 5-1/2 x 4 Forms, 2 or 4 Forms per Page'),
(526, 4, 'GBC Recycled Regency Composition Covers'),
(527, 15, 'Safco Value Mate Series Steel 15, Baked Enamel Finish on Steel, Gray'),
(528, 9, 'Xerox 1922'),
(529, 2, 'Flat Face Poster Frame'),
(530, 4, 'GBC Personal VeloBind Strips'),
(531, 7, 'Letter/Legal File Tote with Clear Snap-On Lid, Black Granite'),
(532, 4, 'Avery Framed View Binder, EZD Ring (Locking), Navy, 1 1/2\"'),
(533, 9, 'Xerox 1952'),
(534, 4, 'Fellowes Twister Kit, Gray/Clear, 3/pkg'),
(535, 10, 'Novimex Fabric Task Chair'),
(536, 8, 'Maxell  LTO Ultrium - 800 GB'),
(537, 17, 'Newell 325'),
(538, 8, 'Plantronics Audio 478 Stereo USB Headset'),
(539, 6, 'Hon 94000 Series Round 6'),
(540, 4, 'Newell 3-Hole Punched Plastic Slotted Magazine Holders for 4'),
(541, 8, 'Anker Ultra-Slim Mini Bluetooth 3.0 Wireless Keyboard'),
(542, 3, 'Plantronics CS 50-USB -  headset  - Convertible, Monaural'),
(543, 2, 'Floodlight Indoor Halogen Bulbs, 1 Bulb per Pack, 60 Watts'),
(544, 9, 'Computer Printout 9 with Letter-Trim Perforations'),
(545, 3, 'ClearSounds CSC500 Amplified Spirit Phone Corded phone'),
(546, 9, 'Ampad Phone Message Book, Recycled, 400 Message Capacity, 5     x 11  '),
(547, 1, 'Avery 507'),
(548, 7, 'Hanging Personal Folder File'),
(549, 8, 'Logitech Wireless Marathon Mouse M705'),
(550, 7, 'Tennsco 6- and 18-Comp17ment Lockers'),
(551, 17, 'BOSTON Ranger #55 Pencil Sharpener, Black'),
(552, 10, 'Office Star - Ergonomically Designed Knee Chair'),
(553, 4, 'GBC DocuBind P100 Manual Binding Machine'),
(554, 17, 'Newell 308'),
(555, 10, 'Global Fabric Manager\'s Chair, Dark Gray'),
(556, 12, 'Acme Tagit Stainless Steel Antibacterial Scissors'),
(557, 3, 'Polycom SoundStation2 EX Conference  phone'),
(558, 7, 'Mobile Personal File Cube'),
(559, 15, 'DMI Eclipse Executive Suite 15'),
(560, 9, 'Xerox Color Copier 9, 11\" x 17\", Ream'),
(561, 4, 'GBC DocuBind TL200 Manual Binding Machine'),
(562, 2, 'Eldon Advantage Chair Mats for Low to Medium Pile Carpets'),
(563, 17, 'Panasonic KP-350BK Electric Pencil Sharpener with Auto Stop'),
(564, 4, 'Wilson Jones data.warehouse D-Ring 4 with DublLock'),
(565, 9, 'Xerox 1982'),
(566, 4, 'Acco Data Flex Cable Posts For Top & Bottom Load 4, 6\" Capacity'),
(567, 4, 'GBC Prestige Therm-A-Bind Covers'),
(568, 5, 'Fellowes Mighty 8 Compact Surge Protector'),
(569, 4, 'GBC DocuBind P50 Personal Binding Machine'),
(570, 5, 'Holmes HEPA Air Purifier'),
(571, 9, 'Xerox 1988'),
(572, 5, 'Harmony HEPA Quiet Air Purifiers'),
(573, 4, 'Acco Hanging Data 4'),
(574, 2, 'Howard Miller 16\" Diameter Gallery Wall Clock'),
(575, 5, 'Belkin 325VA UPS Surge Protector, 6\''),
(576, 10, 'Metal Folding 10, Beige, 4/C17on'),
(577, 4, 'Zipper Ring Binder Pockets'),
(578, 7, 'Super Decoflex Portable Personal File'),
(579, 3, 'Wilson Electronics DB Pro Signal Booster'),
(580, 15, 'Atlantic Metals Mobile 2-Shelf 15, Custom Colors'),
(581, 4, 'GBC DocuBind 200 Manual Binding Machine'),
(582, 5, 'Fellowes Advanced Computer Series Surge Protectors'),
(583, 3, 'HTC One'),
(584, 12, 'Fiskars Home & Office Scissors'),
(585, 4, 'Fellowes PB500 Electric Punch Plastic Comb Binding Machine with Manual Bind'),
(586, 4, 'Avery Self-Adhesive Photo Pockets for Polaroid Photos'),
(587, 17, 'Newell 344'),
(588, 11, 'Advantus T-Pin 9 Clips'),
(589, 5, 'Acco Six-Outlet Power Strip, 4\' Cord Length'),
(590, 9, 'Xerox 1959'),
(591, 4, 'Avery Durable 4'),
(592, 5, 'Kensington 6 Outlet MasterPiece HOMEOFFICE Power Control Center'),
(593, 9, 'Xerox 22'),
(594, 5, 'Holmes Odor Grabber'),
(595, 10, 'Hon Multipurpose Stacking Arm 10'),
(596, 9, 'Wirebound Message Books, Four 2 3/4\" x 5\" Forms per Page, 600 Sets per Book'),
(597, 11, 'Advantus Plastic 9 Clips'),
(598, 8, 'Logitech G19 Programmable Gaming Keyboard'),
(599, 9, 'Xerox 1984'),
(600, 7, 'Fellowes Bases and Tops For Staxonsteel/High-Stak Systems'),
(601, 2, 'Deflect-o Glass Clear Studded Chair Mats'),
(602, 14, 'Canon PC1060 Personal Laser Copier'),
(603, 6, 'Bevis Round Conference Room 6 and Bases'),
(604, 10, 'Global Deluxe Stacking Chair, Gray'),
(605, 10, 'Global Super Steno Chair'),
(606, 17, 'Newell 351'),
(607, 6, 'Balt Solid Wood Round 6'),
(608, 10, 'Global Leather Executive Chair'),
(609, 17, 'Newell 319'),
(610, 8, 'Imation  Secure  Drive  + Hardware Encrypted USB  flash drive  - 16 GB'),
(611, 13, 'Wausau 9s Astrobrights Colored 13'),
(612, 7, 'Tennsco Lockers, Gray'),
(613, 9, 'REDIFORM Incoming/Outgoing Call Register, 11\" X 8 1/2\", 100 Messages'),
(614, 4, 'Satellite Sectional Post 4'),
(615, 15, 'Atlantic Metals Mobile 3-Shelf 15, Custom Colors'),
(616, 8, 'Memorex Micro Travel Drive 32 GB'),
(617, 16, 'Lexmark S315 Color Inkjet Printer'),
(618, 10, 'Global Leather & Oak Executive Chair, Burgundy'),
(619, 9, 'Message Book, Phone, Wirebound Standard Line Memo, 2 3/4\" X 5\"'),
(620, 5, 'Acco Sm17socket Color-Coded Six-Outlet AC Adapter Model Surge Protectors'),
(621, 4, 'Avery Arch Ring 4'),
(622, 3, 'Clearsounds A400'),
(623, 14, 'Hewlett Packard 310 Color Digital Copier'),
(624, 4, 'Recycled Premium Regency Composition Covers'),
(625, 1, 'Avery File Folder 1'),
(626, 17, 'Newell 318'),
(627, 3, 'Square Credit Card Reader, 4 1/2\" x 4 1/2\" x 1\", White'),
(628, 3, 'Panasonic KX-TG9541B DECT 6.0 Digital 2-Line Expandable Cordless Phone With Digital Answering System'),
(629, 2, 'DAX Natural Wood-Tone Poster Frame'),
(630, 8, 'WD My Passport Ultra 2TB Portable External Hard Drive'),
(631, 16, 'Panasonic KX MB2061 Multifunction Printer'),
(632, 8, 'Razer Kraken 7.1 Surround Sound Over Ear USB Gaming Headset'),
(633, 2, 'Tenex Traditional Chairmats for Medium Pile Carpet, Standard Lip, 36\" x 48\"'),
(634, 6, 'Bevis Rectangular Conference 6'),
(635, 9, 'Geographics Note Cards, Blank, White, 8 1/2\" x 11\"'),
(636, 13, '#10- 4 1/8\" x 9 1/2\" Recycled 13'),
(637, 4, 'Cardinal Holdit Data Disk Pockets'),
(638, 9, 'Xerox 1896'),
(639, 10, 'Global Deluxe High-Back Office Chair in Storm'),
(640, 8, 'Kensington K72356US Mouse-in-a-Box USB Desktop Mouse'),
(641, 1, 'Avery 50'),
(642, 5, 'Honeywell Enviracaire Portable HEPA Air Cleaner for 16\' x 20\' Room'),
(643, 6, 'Chromcraft Bull-Nose Wood Oval Conference 6 & Bases'),
(644, 3, 'Anker 24W Portable Micro USB Car Charger'),
(645, 6, 'Hon Practical Foundations 30 x 60 Training Table, Light Gray/Charcoal'),
(646, 9, 'White GlueTop Scratch Pads'),
(647, 13, 'Cameo Buff Policy 13'),
(648, 1, 'Avery 52'),
(649, 12, 'High Speed Automatic Electric Letter Opener'),
(650, 3, 'Panasonic KX TS3282B Corded phone'),
(651, 8, 'Memorex Mini Travel Drive 8 GB USB 2.0 Flash Drive'),
(652, 3, 'Samsung Galaxy S4 Mini'),
(653, 9, 'Xerox 1891'),
(654, 15, 'O\'Sullivan Living Dimensions 3-Shelf 15'),
(655, 4, 'GBC Standard Plastic Binding Systems\' Combs'),
(656, 3, 'Cisco Small Business SPA 502G VoIP phone'),
(657, 17, 'Berol Giant Pencil Sharpener'),
(658, 10, 'Global Stack Chair without Arms, Black'),
(659, 4, 'Acco Pressboard Covers with 7 Hooks, 14 7/8\" x 11\", Executive Red'),
(660, 1, 'Avery 498'),
(661, 17, 'Design Ebony Sketching Pencil'),
(662, 7, 'Eldon Simplefile Box Office'),
(663, 1, 'Avery 517'),
(664, 2, '24-Hour Round Wall Clock'),
(665, 10, 'SAFCO Optional Arm Kit for Workspace Cribbage Stacking Chair'),
(666, 9, 'Green Bar Computer Printout 9'),
(667, 15, 'Global Adaptabilites Bookcase, Cherry/Storm Gray Finish'),
(668, 4, 'GBC Pre-Punched Binding 9, Plastic, White, 8-1/2\" x 11\"'),
(669, 7, 'Mini 13-1/2 Capacity Data Binder Rack, Pearl'),
(670, 1, 'Avery 514'),
(671, 9, 'Xerox 1888'),
(672, 9, 'Adams \"While You Were Out\" Message Pads'),
(673, 9, 'Wirebound Four 2-3/4 x 5 Forms per Page, 400 Sets per Book'),
(674, 3, 'AT&T 17929 Lendline Telephone'),
(675, 2, 'Contract Clock, 14\", Brown'),
(676, 9, 'Xerox 215'),
(677, 9, 'Xerox 1885'),
(678, 2, 'Computer Room Manger, 14\"'),
(679, 16, 'Bady BDG101FRU Card Printer'),
(680, 17, 'Prang Drawing Pencil Set'),
(681, 1, 'Avery 512'),
(682, 2, 'Tenex Contemporary Contur Chairmats for Low and Medium Pile Carpet, Computer, 39\" x 49\"'),
(683, 2, 'Executive Impressions 12\" Wall Clock'),
(684, 10, 'Hon Deluxe Fabric Upholstered Stacking 10, Squared Back'),
(685, 7, 'Advantus Rolling Drawer Organizers'),
(686, 10, 'Hon Olson Stacker Stools'),
(687, 8, 'Plantronics S12 Corded Telephone Headset System'),
(688, 3, 'Plantronics Calisto P620-M USB Wireless Speakerphone System'),
(689, 5, 'Hoover Upright Vacuum With Dirt Cup'),
(690, 9, 'Xerox 1903'),
(691, 8, 'Maxell 4.7GB DVD-R 5/Pack'),
(692, 4, 'Canvas Sectional Post 4'),
(693, 11, 'Advantus Map Pennant Flags and Round Head Tacks'),
(694, 3, 'Pyle PMP37LED'),
(695, 17, 'Lumber Crayons'),
(696, 2, '9-3/4 Diameter Round Wall Clock'),
(697, 9, 'Xerox 1953'),
(698, 9, 'Xerox 228'),
(699, 15, 'Sauder Forest Hills Library, Woodland Oak Finish'),
(700, 10, 'Office Star - Professional Matrix Back Chair with 2-to-1 Synchro Tilt and Mesh Fabric Seat'),
(701, 4, 'Computer Printout Index Tabs'),
(702, 7, 'Carina Mini System Audio Rack, Model AR050B'),
(703, 3, 'Plantronics Voyager Pro HD - Bluetooth Headset'),
(704, 9, 'Xerox 201'),
(705, 4, 'Ibico Plastic Spiral Binding Combs'),
(706, 17, 'Newell 345'),
(707, 9, 'Xerox 1951'),
(708, 10, 'Office Star - Mesh Screen back chair with Vinyl seat'),
(709, 17, 'Dixon Prang Watercolor Pencils, 10-Color Set with Brush'),
(710, 10, 'Global Ergonomic Managers Chair'),
(711, 2, 'Eldon Regeneration Recycled Desk 8, Smoke'),
(712, 10, 'Global Deluxe Steno Chair'),
(713, 9, 'Wirebound Message Books, Four 2 3/4 x 5 Forms per Page, 200 Sets per Book'),
(714, 7, 'Dual Level, Single-Width Filing C17s'),
(715, 11, 'Rubber Band Ball'),
(716, 7, 'Space Solutions Commercial Steel Shelving'),
(717, 3, 'Google Nexus 5'),
(718, 13, 'Jet-Pak Recycled Peel \'N\' Seal Padded Mailers'),
(719, 9, 'Snap-A-Way Black Print Carbonless Ruled Speed Letter, Triplicate'),
(720, 7, 'File Shuttle II and Handi-File, Black'),
(721, 2, 'Executive Impressions 13-1/2\" Indoor/Outdoor Wall Clock'),
(722, 2, 'Advantus Panel Wall Acrylic Frame'),
(723, 2, 'Eldon 400 Class Desk 8, Black Carbon'),
(724, 4, 'Wilson Jones Clip & Carry Folder Binder Tool for Ring 4, Clear'),
(725, 8, 'Memorex Micro Travel Drive 8 GB'),
(726, 9, 'Xerox 1978'),
(727, 10, 'Harbour Creations 67200 Series Stacking 10'),
(728, 2, 'Tenex V2T-RE Standard Weight Series Chair Mat, 45\" x 53\", Lip 25\" x 12\"'),
(729, 3, 'Cush Cases Heavy Duty Rugged Cover Case for Samsung Galaxy S5 - Purple'),
(730, 3, 'Samsung Galaxy Mega 6.3'),
(731, 1, 'Avery 478'),
(732, 2, 'DAX Two-Tone Rosewood/Black Document Frame, Desktop, 5 x 7'),
(733, 10, 'Safco Chair Connectors, 6/C17on'),
(734, 4, 'Self-Adhesive Ring Binder 1'),
(735, 6, 'Chromcraft Bull-Nose Wood 48\" x 96\" Rectangular Conference 6'),
(736, 8, 'SanDisk Ultra 16 GB MicroSDHC Class 10 Memory Card'),
(737, 4, 'Avery Heavy-Duty EZD  Binder With Locking Rings'),
(738, 4, 'VariCap6 Expandable Binder'),
(739, 7, 'Eldon Fold \'N Roll C17 System'),
(740, 4, 'Avery Premier Heavy-Duty Binder with Round Locking Rings'),
(741, 4, 'Insertable Tab Post Binder Dividers'),
(742, 16, 'Lexmark MX611dhe Monochrome Laser Printer'),
(743, 4, 'GBC VeloBinder Manual Binding System'),
(744, 11, 'Alliance Rubber Bands'),
(745, 4, 'SlimView Poly Binder, 3/8\"'),
(746, 3, 'BlackBerry Q10'),
(747, 6, 'Lesro Sheffield Collection Coffee Table, End Table, Center Table, Corner Table'),
(748, 13, '#10 Self-Seal White 13'),
(749, 10, 'Hon Pagoda Stacking 10'),
(750, 2, '36X48 HARDFLOOR CHAIRMAT'),
(751, 5, 'Conquest 14 Commercial Heavy-Duty Upright Vacuum, Collection System, Accessory Kit'),
(752, 13, 'Ampad #10 Peel & Seel Holiday 13'),
(753, 2, 'Linden 10\" Round Wall Clock, Black'),
(754, 6, 'Anderson Hickey Conga Table Tops & 8'),
(755, 7, 'SimpliFile Personal File, Black Granite, 15w x 6-15/16d x 11-1/4h'),
(756, 3, 'OtterBox Commuter Series Case - iPhone 5 & 5s'),
(757, 8, 'Logitech Wireless Headset H600 Over-The-Head Design'),
(758, 9, 'Xerox 230'),
(759, 7, 'Recycled Steel Personal File for Hanging File Folders'),
(760, 3, 'invisibleSHIELD by ZAGG Smudge-Free Screen Protector'),
(761, 16, 'Okidata C331dn Printer'),
(762, 13, 'Tyvek  Top-Opening Peel & Seel 13, Plain White'),
(763, 10, 'Office Star Flex Back Scooter Chair with White Frame'),
(764, 12, 'Acme Rosewood Handle Letter Opener'),
(765, 10, 'Global Leather and Oak Executive Chair, Black'),
(766, 17, 'BIC Brite Liner Highlighters, Chisel Tip'),
(767, 1, 'Avery 489'),
(768, 9, 'White Computer Printout 9 by Universal'),
(769, 13, '#10 White Business 13,4 1/8 x 9 1/2'),
(770, 17, 'Newell 34'),
(771, 9, 'Xerox 1971'),
(772, 3, 'Polycom CX300 Desktop Phone USB VoIP phone'),
(773, 15, 'Atlantic Metals Mobile 5-Shelf 15, Custom Colors'),
(774, 1, 'Avery 510'),
(775, 4, 'Wilson Jones Four-Pocket Poly 4'),
(776, 4, 'Accohide Poly Flexible Ring 4'),
(777, 8, 'Memorex Froggy Flash Drive 4 GB'),
(778, 9, 'Southworth 100% R? sum?  9, 24lb.'),
(779, 2, 'Eldon Expressions Punched Metal & Wood Desk 8, Pewter & Cherry'),
(780, 1, 'Avery White Multi-Purpose 1'),
(781, 8, 'Logitech G500s Laser Gaming Mouse with Adjustable Weight Tuning'),
(782, 1, 'Avery 485'),
(783, 9, 'Adams Telephone Message Book W/Dividers/Space For Phone Numbers, 5 1/4\"X8 1/2\", 300/Messages'),
(784, 3, 'Bose SoundLink Bluetooth Speaker'),
(785, 13, 'Letter or Legal Size Expandable Poly String Tie 13'),
(786, 12, 'Stiletto Hand Letter Openers'),
(787, 8, 'Logitech Desktop MK120 Mouse and keyboard Combo'),
(788, 7, 'Fellowes Bankers Box Staxonsteel Drawer File/Stacking System'),
(789, 17, 'Col-Erase Pencils with Erasers'),
(790, 3, 'Clarity 53712'),
(791, 9, 'Xerox 1941'),
(792, 5, 'APC 7 Outlet Network SurgeArrest Surge Protector'),
(793, 14, 'Canon Imageclass D680 Copier / Fax'),
(794, 3, 'Plantronics Voyager Pro Legend'),
(795, 8, 'Memorex Mini Travel Drive 64 GB USB 2.0 Flash Drive'),
(796, 17, 'Boston 19500 Mighty Mite Electric Pencil Sharpener'),
(797, 1, 'Avery 474'),
(798, 17, 'Newell 336'),
(799, 3, 'Cisco 8x8 Inc. 6753i IP Business Phone System'),
(800, 2, 'Tenex Chairmats For Use with Hard Floors'),
(801, 4, 'Acco Flexible ACCOHIDE Square Ring Data Binder, Dark Blue, 11 1/2\" X 14\" 7/8\"'),
(802, 5, 'Fellowes Command Center 5-outlet power strip'),
(803, 1, 'Avery Address/Shipping 1 for Typewriters, 4\" x 2\"'),
(804, 17, '50 Colored Long Pencils'),
(805, 15, 'Rush Hierlooms Collection 1\" Thick Stackable 15'),
(806, 15, 'Sauder Facets Collection Library, Sky Alder Finish'),
(807, 15, 'Hon Metal 15, Putty'),
(808, 4, 'Acco PRESSTEX Data Binder with 7 Hooks, Light Blue, 9 1/2\" X 11\"'),
(809, 3, 'Cisco Unified IP Phone 7945G VoIP phone'),
(810, 9, 'Strathmore Photo Frame Cards'),
(811, 9, 'Xerox 1944'),
(812, 5, 'Kensington 7 Outlet MasterPiece HOMEOFFICE Power Control Center'),
(813, 9, 'Xerox 1991'),
(814, 8, 'Imation  Clip USB  flash drive  - 8 GB'),
(815, 7, 'Akro-Mils 12-Gallon Tote'),
(816, 2, 'Tenex Traditional Chairmats for Hard Floors, Average Lip, 36\" x 48\"'),
(817, 9, 'Xerox 1968'),
(818, 4, 'GBC Wire Binding Combs'),
(819, 4, 'GBC Recycled VeloBinder Covers'),
(820, 5, 'Holmes Replacement Filter for HEPA Air Cleaner, Medium Room'),
(821, 7, 'Pizazz Global Quick File'),
(822, 8, 'KeyTronic  KT400U2 -  Keyboard  - Black'),
(823, 9, 'Xerox 204'),
(824, 6, 'Chromcraft 48\" x 96\" Racetrack Double Pedestal Table'),
(825, 8, 'HP Standard 104 key PS/2 Keyboard'),
(826, 3, 'Macally Suction Cup Mount'),
(827, 16, 'Ativa MDM8000 8-Sheet Micro-Cut Shredder'),
(828, 17, 'Binney & Smith inkTank Desk Highlighter, Chisel Tip, Yellow, 12/Box'),
(829, 11, 'Advantus Push Pins, Aluminum Head'),
(830, 3, 'Ooma Telo VoIP Home Phone System'),
(831, 9, 'Xerox 1905'),
(832, 4, 'Cardinal HOLDit! Binder Insert Strips,Extra Strips'),
(833, 8, 'Plantronics Audio 995 Wireless Stereo Headset'),
(834, 9, 'Xerox 200'),
(835, 11, 'Brites Rubber Bands, 1 1/2 oz. Box'),
(836, 16, 'Okidata MB491 Multifunction Printer'),
(837, 4, 'Avery Hanging File 4'),
(838, 9, 'While You Were Out Pads, 50 per Pad, 4 x 5 1/4, Green Cycle'),
(839, 8, 'Kensington Orbit Wireless Mobile Trackball for PC and Mac'),
(840, 3, 'QVS USB Car Charger 2-Port 2.1Amp for iPod/iPhone/iPad/iPad 2/iPad 3'),
(841, 17, 'Newell 314'),
(842, 4, 'Ibico Ibimaster 300 Manual Binding System'),
(843, 7, 'Multi-Use Personal File C17 and Caster Set, Three Stacking Bins'),
(844, 7, 'Fellowes Stor/Drawer Steel Plus 7 Drawers'),
(845, 17, 'Boston Home & Office Model 2000 Electric Pencil Sharpeners'),
(846, 17, 'Newell 31'),
(847, 4, 'Premium Transparent Presentation Covers, No Pattern/Clear, 8 1/2\" x 11\"'),
(848, 9, 'Xerox 1966'),
(849, 12, 'Acme Kleen E17h Office Shears'),
(850, 12, 'Elite 5\" Scissors'),
(851, 4, 'Acco PRESSTEX Data Binder with 7 Hooks, Dark Blue, 9 1/2\" X 11\"'),
(852, 3, 'Samsung HM1900 Bluetooth Headset'),
(853, 12, 'Acco Side-Punched Conventional Columnar Pads'),
(854, 1, 'Avery 492'),
(855, 9, 'Xerox 232'),
(856, 7, 'Adjustable Personal File Tote'),
(857, 17, 'Crayola Colored Pencils'),
(858, 13, 'Manila Recycled Extra-Heavyweight Clasp 13, 6\" x 9\"'),
(859, 14, 'Sharp 1540cs Digital Laser Copier'),
(860, 2, 'Eldon Regeneration Recycled Desk 8, Black'),
(861, 7, 'Eldon File Chest Portable File'),
(862, 6, 'Bush Advantage Collection Round Conference Table'),
(863, 8, 'Verbatim Slim CD and DVD 7 Cases, 50/Pack'),
(864, 2, 'Eldon Advantage Foldable Chair Mats for Low Pile Carpets'),
(865, 9, 'Xerox 1964'),
(866, 4, 'GBC DocuBind 300 Electric Binding Machine'),
(867, 7, 'Sensible 7 WireTech 7 Systems'),
(868, 17, 'Qu17et Omega Colored Chalk, 12/Pack'),
(869, 2, 'Advantus Panel Wall Certificate Holder - 8.5x11'),
(870, 2, 'Rubbermaid ClusterMat Chairmats, Mat Size- 66\" x 60\", Lip 20\" x 11\" -90 Degree Angle'),
(871, 6, 'Balt Split Level Computer Training Table'),
(872, 17, 'Dixon Ticonderoga Core-Lock Colored Pencils'),
(873, 9, 'Things To Do Today Spiral Book'),
(874, 3, 'Apple iPhone 5S'),
(875, 2, 'Tensor Computer Mounted Lamp'),
(876, 8, 'Logitech Illuminated Ultrathin Keyboard with Backlighting'),
(877, 12, 'Serrated Blade or Curved Handle Hand Letter Openers'),
(878, 12, 'Premier Automatic Letter Opener'),
(879, 2, 'Eldon 300 Class Desk 8, Black'),
(880, 7, 'Sterilite Show Offs 7 Containers'),
(881, 8, 'Logitech G430 Surround Sound Gaming Headset with Dolby 7.1 Technology'),
(882, 17, 'Economy #2 Pencils'),
(883, 8, 'Maxell DVD-RAM Discs'),
(884, 10, 'Global Chrome Stack Chair'),
(885, 9, 'Xerox 196'),
(886, 9, 'Xerox 1895'),
(887, 2, 'Eldon \"L\" Workstation Diamond Chairmat'),
(888, 2, 'DAX Copper Panel Document Frame, 5 x 7 Size'),
(889, 8, 'Plantronics CS510 - Over-the-Head monaural Wireless Headset System'),
(890, 7, 'Eldon ProFile File \'N Store Portable File Tub Letter/Legal Size Black'),
(891, 9, 'Riverleaf Stik-Withit Designer Note Cubes'),
(892, 4, 'Acco Expandable Hanging 4'),
(893, 10, 'High-Back Leather Manager\'s Chair'),
(894, 7, 'Eldon Gobal File Keepers'),
(895, 17, 'OIC #2 Pencils, Medium Soft'),
(896, 1, 'Avery 505'),
(897, 3, 'RCA ViSYS 25423RE1 Corded phone'),
(898, 2, 'Eldon Expressions Wood Desk 8, Oak'),
(899, 17, 'Newell 320'),
(900, 4, 'GBC Durable Plastic Covers'),
(901, 2, 'Master Giant Foot Doorstop, Safety Yellow'),
(902, 9, 'Xerox 1942'),
(903, 15, 'Bush Westfield Collection 15, Fully Assembled'),
(904, 2, 'DAX Cubicle Frames - 8x10'),
(905, 8, 'WD My Passport Ultra 1TB Portable External Hard Drive'),
(906, 2, 'Howard Miller 11-1/2\" Diameter Brentwood Wall Clock'),
(907, 15, 'O\'Sullivan Elevations Bookcase, Cherry Finish'),
(908, 3, 'Jackery Bar Premium Fast-charging Portable Charger'),
(909, 5, 'Belkin 7 Outlet SurgeMaster II'),
(910, 2, 'Stacking Trays by OIC'),
(911, 9, 'Xerox 1981'),
(912, 3, 'Mophie Juice Pack Helium for iPhone'),
(913, 1, 'Avery 477'),
(914, 2, 'Executive Impressions 10\" Spectator Wall Clock'),
(915, 3, 'Gear Head AU3700S Headset'),
(916, 4, 'GBC Poly Designer Binding Covers'),
(917, 4, 'Pressboard Covers with 7 Hooks, 9 1/2\" x 11\", Light Blue'),
(918, 4, 'Avery Reinforcements for Hole-Punch Pages'),
(919, 5, 'Acco 6 Outlet Guardian Premium Plus Surge Suppressor'),
(920, 4, 'Performers Binder/Pad Holder, Black'),
(921, 7, 'Tennsco Double-Tier Lockers'),
(922, 17, 'Newell 338'),
(923, 7, 'Iris Project Case'),
(924, 10, 'Global Enterprise Series Seating High-Back Swivel/Tilt 10'),
(925, 9, 'Xerox 210'),
(926, 17, 'Boston Electric Pencil Sharpener, Model 1818, Charcoal Black'),
(927, 4, 'Economy 4'),
(928, 1, 'Smead Alpha-Z Color-Coded Second Alphabetical 1 and St17er Set'),
(929, 15, 'Safco Value Mate Steel Bookcase, Baked Enamel Finish on Steel, Black'),
(930, 16, 'Cubify CubeX 3D Printer Double Head Print'),
(931, 9, 'Xerox 1939'),
(932, 16, 'Cisco Desktop Collaboration Experience DX650 IP Video Phone'),
(933, 15, 'O\'Sullivan 3-Shelf Heavy-Duty 15'),
(934, 17, 'Boston 1827 Commercial Additional Cutter, Drive Gear & Gear Rack for 1606'),
(935, 6, 'Chromcraft Bull-Nose Wood Round Conference Table Top, Wood Base'),
(936, 3, 'PayAnywhere Card Reader'),
(937, 5, 'Harmony Air Purifier'),
(938, 7, 'Rogers Jumbo File, Granite'),
(939, 3, 'Vtech CS6719'),
(940, 4, 'GBC Premium Transparent Covers with Diagonal Lined Pattern'),
(941, 3, 'Polycom SoundPoint Pro SE-225 Corded phone'),
(942, 9, 'Xerox 2000'),
(943, 16, 'Hewlett-Packard Deskjet D4360 Printer'),
(944, 13, 'Airmail 13'),
(945, 3, 'Mediabridge Sport Armband iPhone 5s'),
(946, 8, 'Logitech  LS21 Speaker System - PC Multimedia - 2.1-CH - Wired'),
(947, 4, 'Avery Metallic Poly 4'),
(948, 13, '#6 3/4 Gummed Flap White 13'),
(949, 2, 'Nu-Dell Float Frame 11 x 14 1/2'),
(950, 6, 'Balt Solid Wood Rectangular Table'),
(951, 3, 'Polycom SoundPoint IP 450 VoIP phone'),
(952, 17, 'SANFORD Major Accent Highlighters'),
(953, 3, 'Wilson SignalBoost 841262 DB PRO Amplifier Kit'),
(954, 9, 'Southworth 25% Cotton Linen-Finish 9 & 13'),
(955, 2, 'Eldon 200 Class Desk 8'),
(956, 9, 'Xerox 231'),
(957, 2, 'Master Caster Door Stop, Brown'),
(958, 13, 'Inter-Office Recycled 13, Brown Kraft, Button-String,10\" x 13\" , 100/Box'),
(959, 12, 'M17in Yale Chadless Opener Electric Letter Opener'),
(960, 7, 'Gould Plastics 18-Pocket Panel Bin, 34w x 5-1/4d x 20-1/2h'),
(961, 8, 'Lenovo 17-Key USB Numeric Keypad'),
(962, 9, 'Xerox 1992'),
(963, 5, 'Holmes 99% HEPA Air Purifier'),
(964, 9, 'Xerox 1892'),
(965, 6, 'Chromcraft Round Conference 6'),
(966, 9, 'Xerox 1930'),
(967, 9, 'Xerox 211'),
(968, 9, 'Xerox 227'),
(969, 3, 'Seidio BD2-HK3IPH5-BK DILEX Case and Holster Combo for Apple iPhone 5/5s - Black'),
(970, 5, 'Avanti 4.4 Cu. Ft. Refrigerator'),
(971, 8, 'Sony 32GB Class 10 Micro SDHC R40 Memory Card'),
(972, 7, 'Tennsco Commercial Shelving'),
(973, 2, 'Westinghouse Floor Lamp with Metal Mesh Shade, Black'),
(974, 4, 'Premier Elliptical Ring Binder, Black'),
(975, 9, 'TOPS \"Important Message\" Pads, Canary, 4-1/4 x 5-1/2, 50 Sheets per Pad'),
(976, 17, 'BIC Brite Liner Highlighters'),
(977, 2, 'Master Big Foot Doorstop, Beige'),
(978, 17, 'Zebra Zazzle Fluorescent Highlighters'),
(979, 6, 'Bevis Round Conference Table Top & Single Column Base'),
(980, 13, 'Tyvek Side-Opening Peel & Seel Expanding 13'),
(981, 3, 'Jensen SMPS-640 -  speaker phone'),
(982, 2, 'Master Caster Door Stop, Large Brown'),
(983, 7, 'Acco Perma 3000 Stacking 7 Drawers'),
(984, 2, 'Executive Impressions 13\" Chairman Wall Clock'),
(985, 14, 'Brother DCP1000 Digital 3 in 1 Multifunction Machine'),
(986, 17, 'Newell Chalk Holder'),
(987, 17, 'Nontoxic Chalk'),
(988, 4, 'GBC Therma-A-Bind 250T Electric Binding System'),
(989, 11, 'Super Bands, 12/Pack'),
(990, 2, 'Document Clip Frames'),
(991, 10, 'Global Armless Task Chair, Royal Blue'),
(992, 5, 'Hoover Replacement Belts For Soft Guard & Commercial Ltweight Upright Vacs, 2/Pk'),
(993, 2, 'Deflect-o EconoMat Studded, No Bevel Mat for Low Pile Carpeting'),
(994, 15, 'Sauder Camden County Collection Library'),
(995, 17, 'Boston School Pro Electric Pencil Sharpener, 1670'),
(996, 10, 'Office Star - Ergonomic Mid Back Chair with 2-Way Adjustable Arms'),
(997, 4, 'Ibico Presentation Index for Binding Systems'),
(998, 9, 'Xerox 1917'),
(999, 11, 'Acco Banker\'s Clasps, 5 3/4\"-Long'),
(1000, 8, 'Logitech Media Keyboard K200'),
(1001, 8, 'Imation  30456 USB  Flash Drive  8GB'),
(1002, 10, 'Global Low Back Tilter Chair'),
(1003, 9, 'Xerox 1954'),
(1004, 17, 'Newell 328'),
(1005, 3, 'Aastra 6757i CT Wireless VoIP phone'),
(1006, 6, 'Bevis Oval Conference Table, Walnut'),
(1007, 7, 'Tennsco Stur-D-Stor Boltless Shelving, 5 Shelves, 24\" Deep, Sand'),
(1008, 9, 'Xerox 19'),
(1009, 9, 'Tops Wirebound Message Log Books'),
(1010, 2, 'G.E. Longer-Life Indoor Recessed Floodlight Bulbs'),
(1011, 6, 'Hon 61000 Series Interactive Training 6'),
(1012, 1, 'Avery 483'),
(1013, 17, 'Dixon Ticonderoga Maple Cedar Pencil, #2'),
(1014, 12, 'Acme Forged Steel Scissors with Black Enamel Handles'),
(1015, 13, 'Tyvek Interoffice 13, 9 1/2\" x 12 1/2\", 100/Box'),
(1016, 17, 'BIC Liqua Brite Liner'),
(1017, 12, 'Kleencut Forged Office Shears by Acme United Corporation'),
(1018, 17, 'Newell 313'),
(1019, 15, 'Bush Westfield Collection 15, Dark Cherry Finish'),
(1020, 8, 'Logitech Keyboard K120'),
(1021, 2, 'Master Caster Door Stop, Large Neon Orange'),
(1022, 2, 'DAX Wood Document Frame'),
(1023, 9, 'Xerox 1932'),
(1024, 9, 'Avery Personal Creations Heavyweight Cards'),
(1025, 7, 'Personal Folder Holder, Ebony'),
(1026, 4, 'Acco 3-Hole Punch'),
(1027, 3, 'Plantronics 81402'),
(1028, 17, 'Avery Hi-Liter EverBold Pen Style Fluorescent Highlighters, 4/Pack'),
(1029, 17, 'Hunt BOSTON Vista Battery-Operated Pencil Sharpener, Black'),
(1030, 10, 'Hon Deluxe Fabric Upholstered Stacking 10, Rounded Back'),
(1031, 17, 'Hunt PowerHouse Electric Pencil Sharpener, Blue'),
(1032, 7, 'Woodgrain Magazine Files by Perma'),
(1033, 2, 'Deflect-o EconoMat Nonstudded, No Bevel Mat'),
(1034, 7, 'Space Solutions HD Industrial Steel Shelving.');
INSERT INTO `products` (`id`, `category_id`, `product_name`) VALUES
(1035, 4, 'Green Canvas Binder for 8-1/2\" x 14\" Sheets'),
(1036, 17, 'Newell 323'),
(1037, 17, 'Sanford E17hWrite Recycled Pencils, Medium Soft, #2'),
(1038, 7, 'Tennsco Snap-Together Open Shelving Units, St17er Sets and Add-On Units'),
(1039, 7, 'Iceberg Mobile Mega Data/Printer C17'),
(1040, 12, 'Fiskars Spring-Action Scissors'),
(1041, 17, 'Newell 309'),
(1042, 3, 'Sm17Stand Mobile Device Holder, Assorted Colors'),
(1043, 9, '14-7/8 x 11 Blue Bar Computer Printout 9'),
(1044, 11, 'Advantus Push Pins'),
(1045, 1, 'Avery 519'),
(1046, 5, 'Belkin 8-Outlet Premiere SurgeMaster II Surge Protectors'),
(1047, 9, 'Xerox 1909'),
(1048, 3, 'Grandstream GXP2100 Mainstream Business Phone'),
(1049, 10, 'Global Push Button Manager\'s Chair, Indigo'),
(1050, 1, 'Permanent Self-Adhesive File Folder 1 for Typewriters by Universal'),
(1051, 4, 'Wilson Jones Impact 4'),
(1052, 4, 'Acco Suede Grain Vinyl Round Ring Binder'),
(1053, 3, 'AT&T 1080 Phone'),
(1054, 8, 'Logitech G600 MMO Gaming Mouse'),
(1055, 9, 'Astroparche Fine Business 9'),
(1056, 2, 'Eldon 100 Class Desk 8'),
(1057, 12, 'Acme Box Cutter Scissors'),
(1058, 2, 'Eldon Expressions Wood and Plastic Desk 8, Oak'),
(1059, 17, 'Newell 339'),
(1060, 12, 'Acme Office Executive Series Stainless Steel Trimmers'),
(1061, 9, 'Embossed Ink Jet Note Cards'),
(1062, 5, 'Belkin F9S820V06 8 Outlet Surge'),
(1063, 2, 'Howard Miller 11-1/2\" Diameter Ridgewood Wall Clock'),
(1064, 9, 'Xerox 1933'),
(1065, 9, 'Xerox 1928'),
(1066, 17, 'Newell 347'),
(1067, 9, 'Hammermill CopyPlus Copy 9 (20Lb. and 84 Bright)'),
(1068, 11, 'Bagged Rubber Bands'),
(1069, 4, 'Cardinal Hold-It CD Pocket'),
(1070, 2, 'Nu-Dell Executive Frame'),
(1071, 4, 'Wilson Jones Standard D-Ring 4'),
(1072, 2, 'Acrylic Self-Standing Desk Frames'),
(1073, 3, 'Panasonic KX-TG6844B Expandable Digital Cordless Telephone'),
(1074, 3, 'Plantronics MX500i Earset'),
(1075, 10, 'Novimex Turbo Task Chair'),
(1076, 3, 'Aastra 57i VoIP phone'),
(1077, 13, 'Peel & Seel Recycled Catalog 13, Brown'),
(1078, 13, 'Strathmore #10 13, Ultimate White'),
(1079, 3, 'LF Elite 3D Dazzle Designer Hard Case Cover, Lf Stylus Pen and Wiper For Apple Iphone 5c Mini Lite'),
(1080, 9, 'Xerox 1893'),
(1081, 4, 'SpineVue Locking Slant-D Ring 4 by Cardinal'),
(1082, 2, 'Advantus Employee of the Month Certificate Frame, 11 x 13-1/2'),
(1083, 7, 'Stur-D-Stor Shelving, Vertical 5-Shelf: 72\"H x 36\"W x 18 1/2\"D'),
(1084, 12, 'Acme Design Stainless Steel Bent Scissors'),
(1085, 6, 'Barricks Non-Folding Utility Table with Steel Legs, Laminate Tops'),
(1086, 4, 'XtraLife ClearVue Slant-D Ring 4 by Cardinal'),
(1087, 4, 'Catalog 4 with Expanding Posts'),
(1088, 9, 'Wirebound Message Books, 2 7/8\" x 5\", 3 Forms per Page'),
(1089, 9, 'Xerox 1882'),
(1090, 5, 'Commercial WindTunnel Clean Air Upright Vacuum, Replacement Belts, Filtration Bags'),
(1091, 2, '6\" Cubicle Wall Clock, Black'),
(1092, 1, 'Avery 51'),
(1093, 2, 'Seth Thomas 16\" Steel Case Clock'),
(1094, 4, 'Pressboard Data 4 by Wilson Jones'),
(1095, 10, 'Iceberg Nesting Folding Chair, 19w x 6d x 43h'),
(1096, 9, 'EcoTones Memo Sheets'),
(1097, 7, 'Akro Stacking Bins'),
(1098, 17, 'Boston KS Multi-Size Manual Pencil Sharpener'),
(1099, 7, 'Personal File Boxes with Fold-Down Carry Handle'),
(1100, 9, 'Array Memo Cubes'),
(1101, 16, 'Texas Instruments TI-34 Scientific Calculator'),
(1102, 1, 'Avery 493'),
(1103, 15, 'Bush Somerset Collection Bookcase'),
(1104, 8, 'Logitech M510 Wireless Mouse'),
(1105, 11, 'Acco Clips to Go Binder Clips, 24 Clips in Two Sizes'),
(1106, 9, 'Standard Line   While You Were Out   Hardbound Telephone Message Book'),
(1107, 7, 'SAFCO Mobile Desk Side File, Wire Frame'),
(1108, 8, 'Kingston Digital DataTraveler 64GB USB 2.0'),
(1109, 8, 'Logitech  Z-906 Speaker sys - home theater - 5.1-CH'),
(1110, 2, '3M Polarizing Light Filter Sleeves'),
(1111, 15, 'Bush Heritage Pine Collection 5-Shelf Bookcase, Albany Pine Finish, *Special Order'),
(1112, 7, 'Tenex File Box, Personal Filing Tote with Lid, Black'),
(1113, 5, 'Sanyo Counter Height Refrigerator with Crisper, 3.6 Cubic Foot, Stainless Steel/Black'),
(1114, 8, 'NETGEAR N750 Dual Band Wi-Fi Gigabit Router'),
(1115, 9, 'Unpadded Memo Slips'),
(1116, 12, 'Fiskars 8\" Scissors, 2/Pack'),
(1117, 11, 'Acco Glide Clips'),
(1118, 6, 'Bush Cubix Conference 6, Fully Assembled'),
(1119, 9, 'TOPS Carbonless Receipt Book, Four 2-3/4 x 7-1/4 Money Receipts per Page'),
(1120, 9, 'Xerox 217'),
(1121, 2, 'OIC Stacking Trays'),
(1122, 7, 'Tennsco Industrial Shelving'),
(1123, 15, 'O\'Sullivan 2-Shelf Heavy-Duty 15'),
(1124, 3, 'Digium D40 VoIP phone'),
(1125, 8, 'KeyTronic  E03601U1 -  Keyboard  - Beige'),
(1126, 9, 'Xerox 1925'),
(1127, 9, 'Message Book, Wirebound, Four 5 1/2\" X 4\" Forms/Pg., 200 Dupl. Sets/Book'),
(1128, 9, 'TOPS 4 x 6 Fluorescent Color Memo Sheets, 500 Sheets per Pack'),
(1129, 5, 'Acco 6 Outlet Guardian Premium Surge Suppressor'),
(1130, 17, 'Faber Castell Col-Erase Pencils'),
(1131, 11, 'Colored Push Pins'),
(1132, 6, 'SAFCO PlanMaster Boards, 60w x 37-1/2d, White Melamine'),
(1133, 3, 'Motorla HX550 Universal Bluetooth Headset'),
(1134, 9, 'Xerox 20'),
(1135, 17, 'Newell 35'),
(1136, 2, 'Stackable Trays'),
(1137, 7, 'Fellowes High-Stak Drawer Files'),
(1138, 8, 'Logitech  VX Revolution Cordless Laser Mouse for Notebooks (Black)'),
(1139, 8, 'Kensington Expert Mouse Optical USB Trackball for PC or Mac'),
(1140, 9, 'Xerox 221'),
(1141, 17, 'Newell 312'),
(1142, 9, 'Black Print Carbonless 8 1/2\" x 8 1/4\" Rapid Memo Book'),
(1143, 6, 'Iceberg OfficeWorks 42\" Round 6'),
(1144, 2, 'Electrix 20W Halogen Replacement Bulb for Zoom-In Desk Lamp'),
(1145, 8, 'Logitech G35 7.1-Channel Surround Sound Headset'),
(1146, 2, 'Luxo Adjustable Task Clamp Lamp'),
(1147, 3, 'Dexim XPower Skin Super-Thin Power Case for iPhone 5 - Black'),
(1148, 3, 'I Need\'s 3d Hello Kitty Hybrid Silicone Case Cover for HTC One X 4g with 3d Hello Kitty Stylus Pen Green/pink'),
(1149, 2, 'Eldon Expressions Desk Accessory, Wood Pencil Holder, Oak'),
(1150, 9, 'Xerox 1975'),
(1151, 2, 'DAX Black Cherry Wood-Tone Poster Frame'),
(1152, 16, 'St17ech.com 10/100 VDSL2 Ethernet Extender Kit'),
(1153, 1, 'Avery 475'),
(1154, 1, 'Avery 476'),
(1155, 7, 'Belkin 19\" Center-Weighted Shelf, Gray'),
(1156, 10, 'Hon Comfortask Task/Swivel 10'),
(1157, 4, 'JM Magazine Binder'),
(1158, 9, 'Xerox 1915'),
(1159, 16, 'Vtech AT&T CL2940 Corded Speakerphone, Black'),
(1160, 13, 'Peel & Seel 13'),
(1161, 9, 'Black Print Carbonless Snap-Off Rapid Letter, 8 1/2\" x 7\"'),
(1162, 12, 'Acme Softgrip Scissors'),
(1163, 2, 'Tenex B1-RE Series Chair Mats for Low Pile Carpets'),
(1164, 12, 'Compact Automatic Electric Letter Opener'),
(1165, 5, 'Hoover Commercial Soft Guard Upright Vacuum And Disposable Filtration Bags'),
(1166, 3, 'Griffin GC17055 Auxiliary Audio Cable'),
(1167, 7, 'Rogers Profile Extra Capacity 7 Tub'),
(1168, 3, 'RCA ViSYS 25825 Wireless digital phone'),
(1169, 7, 'Carina Media 7 Towers in Natural & Black'),
(1170, 2, 'DAX Contemporary Wood Frame with Silver Metal Mat, Desktop, 11 x 14 Size'),
(1171, 7, 'Fellowes Recycled 7 Drawers'),
(1172, 9, 'Xerox 203'),
(1173, 10, 'Office Star - Contemporary Swivel Chair with Padded Adjustable Arms and Flex Back'),
(1174, 9, 'Xerox 1945'),
(1175, 2, 'Westinghouse Mesh Shade Clip-On Gooseneck Lamp, Black'),
(1176, 4, 'Avery Non-Stick Heavy Duty View Round Locking Ring 4'),
(1177, 4, 'Cardinal Poly Pocket Divider Pockets for Ring 4'),
(1178, 1, 'Avery 503'),
(1179, 4, 'GBC VeloBind Cover Sets'),
(1180, 5, 'Holmes Cool Mist Humidifier for the Whole House with 8-Gallon Output per Day, Extended Life Filter'),
(1181, 3, 'OtterBox Defender Series Case - Samsung Galaxy S4'),
(1182, 2, 'Eldon 200 Class Desk 8, Smoke'),
(1183, 8, 'SanDisk Cruzer 32 GB USB Flash Drive'),
(1184, 9, 'Xerox 23'),
(1185, 7, 'Portable Personal File Box'),
(1186, 5, 'Euro-Pro Shark Turbo Vacuum'),
(1187, 13, 'Security-Tint 13'),
(1188, 10, 'Hon 4070 Series Pagoda Round Back Stacking 10'),
(1189, 12, 'Acme Kleencut Forged Steel Scissors'),
(1190, 7, 'Companion Letter/Legal File, Black'),
(1191, 3, 'Plantronics Encore H101 Dual Earpieces  Headset'),
(1192, 9, 'Xerox 189'),
(1193, 9, 'Xerox 1897'),
(1194, 2, 'Nu-Dell Leatherette Frames'),
(1195, 3, 'AT&T 841000 Phone'),
(1196, 2, 'Electrix Incandescent Magnifying Lamp, Black'),
(1197, 9, 'Xerox 1929'),
(1198, 16, 'Zebra GX420t Direct Thermal/Thermal Transfer Printer'),
(1199, 3, 'Cisco SPA 502G IP Phone'),
(1200, 9, 'Rediform Voice Mail Log Books'),
(1201, 3, 'Apple iPhone 5'),
(1202, 9, 'Xerox 194'),
(1203, 2, 'Master Caster Door Stop, Gray'),
(1204, 16, 'Socket Bluetooth Cordless Hand Scanner (CHS)'),
(1205, 9, 'Important Message Pads, 50 4-1/4 x 5-1/2 Forms per Pad'),
(1206, 2, 'G.E. Halogen Desk Lamp Bulbs'),
(1207, 16, 'Okidata B400 Printer'),
(1208, 17, 'Peel-Off China Markers'),
(1209, 9, 'Xerox 1947'),
(1210, 6, 'Barricks 18\" x 48\" Non-Folding Utility Table with Bottom 7 Shelf'),
(1211, 7, 'Rogers Deluxe File Chest'),
(1212, 7, 'Fellowes Staxonsteel Drawer Files'),
(1213, 4, 'Fellowes PB300 Plastic Comb Binding Machine'),
(1214, 1, 'Avery 48'),
(1215, 15, 'Bush Cubix Collection 15, Fully Assembled'),
(1216, 10, 'Global Highback Leather Tilter in Burgundy'),
(1217, 10, 'Office Star - Contemporary Task Swivel Chair'),
(1218, 3, 'iOttie XL Car Mount'),
(1219, 2, 'Eldon Cleatmat Chair Mats for Medium Pile Carpets'),
(1220, 4, 'XtraLife ClearVue Slant-D Ring Binder, White, 3\"'),
(1221, 8, 'AmazonBasics 3-Button USB Wired Mouse'),
(1222, 3, 'Anker Astro 15000mAh USB Portable Charger'),
(1223, 10, 'Office Star - Mid Back Dual function Ergonomic High Back Chair with 2-Way Adjustable Arms'),
(1224, 17, 'Panasonic KP-380BK Classic Electric Pencil Sharpener'),
(1225, 2, 'Eldon Image Series Black Desk 8'),
(1226, 8, 'First Data TMFD35 PIN Pad'),
(1227, 1, 'Round Specialty Laser Printer 1'),
(1228, 3, 'Cyber Acoustics AC-202b Speech Recognition Stereo Headset'),
(1229, 17, 'Boston 1730 StandUp Electric Pencil Sharpener'),
(1230, 4, 'Plastic Binding Combs'),
(1231, 2, 'Contemporary Borderless Frame'),
(1232, 10, 'Office Star - Contemporary Task Swivel chair with Loop Arms, Charcoal'),
(1233, 9, 'Southworth 25% Cotton Premium Laser 9 and 13'),
(1234, 3, 'Panasonic KX TS3282W Corded phone'),
(1235, 4, 'GBC Twin Loop Wire Binding Elements, 9/16\" Spine, Black'),
(1236, 12, 'Acme 10\" Easy Grip Assistive Scissors'),
(1237, 4, 'Pressboard Hanging Data 4 for Unburst Sheets'),
(1238, 9, 'Xerox 212'),
(1239, 16, '3D Systems Cube Printer, 2nd Generation, White'),
(1240, 9, 'Xerox 209'),
(1241, 11, 'Alliance Super-Size Bands, Assorted Sizes'),
(1242, 8, 'Memorex Micro Travel Drive 16 GB'),
(1243, 3, 'Nokia Lumia 925'),
(1244, 8, 'Maxell 74 Minute CDR, 10/Pack'),
(1245, 17, 'Fluorescent Highlighters by Dixon'),
(1246, 1, 'Avery 49'),
(1247, 2, 'Tenex 46\" x 60\" Computer Anti-Static Chairmat, Rectangular Shaped'),
(1248, 5, 'Belkin 5 Outlet SurgeMaster Power Centers'),
(1249, 13, 'Ames Color-File Green Diamond Border X-ray Mailers'),
(1250, 9, 'Xerox 1965'),
(1251, 8, 'Imation Bio 2GB USB  Flash Drive Imation  Corp'),
(1252, 3, 'Polycom VVX 310 VoIP phone'),
(1253, 2, 'Linden 12\" Wall Clock With Oak Frame'),
(1254, 9, 'Xerox 1946'),
(1255, 3, 'Cisco SPA508G'),
(1256, 16, 'Fellowes Powershred HS-440 4-Sheet High Security Shredder'),
(1257, 1, 'Avery 496'),
(1258, 9, 'Xerox 1914'),
(1259, 1, 'Avery 516'),
(1260, 9, 'Xerox 1999'),
(1261, 10, 'Global Executive Mid-Back Manager\'s Chair'),
(1262, 6, 'SAFCO PlanMaster Heigh-Adjustable Drafting Table Base, 43w x 30d x 30-37h, Black'),
(1263, 3, 'OtterBox Commuter Series Case - Samsung Galaxy S4'),
(1264, 5, 'Fellowes 8 Outlet Superior Workstation Surge Protector'),
(1265, 8, 'Microsoft Wireless Mobile Mouse 4000'),
(1266, 4, 'GBC Linen Binding Covers'),
(1267, 9, 'Wirebound Message Forms, Four 2 3/4 x 5 Forms per Page, Pink 9'),
(1268, 11, 'Assorted Color Push Pins'),
(1269, 3, 'JBL Micro Wireless Portable Bluetooth Speaker'),
(1270, 4, 'Wilson Jones Elliptical Ring 3 1/2\" Capacity 4, 800 sheets'),
(1271, 8, 'Microsoft Natural Ergonomic Keyboard 4000'),
(1272, 17, 'Boston 16765 Mini Stand Up Battery Pencil Sharpener'),
(1273, 17, 'Newell 33'),
(1274, 1, 'Avery 487'),
(1275, 4, 'GBC Instant Report Kit'),
(1276, 4, 'Acco Recycled 2\" Capacity Laser Printer Hanging Data 4'),
(1277, 4, 'Acco Economy Flexible Poly Round Ring Binder'),
(1278, 9, 'Xerox 229'),
(1279, 16, 'Panasonic KX MC6040 Color Laser Multifunction Printer'),
(1280, 8, 'Hypercom P1300 Pinpad'),
(1281, 10, 'Global Stack Chair with Arms, Black'),
(1282, 4, 'GBC DocuBind P400 Electric Binding System'),
(1283, 8, 'Sony Micro Vault Click 4 GB USB 2.0 Flash Drive'),
(1284, 2, 'Executive Impressions 14\" Two-Color Numerals Wall Clock'),
(1285, 9, 'TOPS Money Receipt Book, Consecutively Numbered in Red,'),
(1286, 2, 'GE 4 Foot Flourescent Tube, 40 Watt'),
(1287, 9, 'Rediform S.O.S. 1-Up Phone Message Bk, 4-1/4x3-1/16 Bk, 1 Form/Pg, 40 Messages/Bk, 3/Pk'),
(1288, 10, 'Global Wood Trimmed Manager\'s Task Chair, Khaki'),
(1289, 8, 'Logitech  Gaming G510s - Keyboard'),
(1290, 3, 'Anker Astro Mini 3000mAh Ultra-Compact Portable Charger'),
(1291, 6, 'Bretford CR8500 Series Meeting Room Furniture'),
(1292, 9, 'Xerox 1997'),
(1293, 9, 'Xerox 190'),
(1294, 9, 'Xerox 219'),
(1295, 9, 'Telephone Message Books with Fax/Mobile Section, 5 1/2\" x 3 3/16\"'),
(1296, 4, 'Surelock Post 4'),
(1297, 3, 'Samsung Galaxy S4'),
(1298, 15, 'Bush Westfield Collection 15, Medium Cherry Finish'),
(1299, 8, 'Logitech  MX Performance Wireless Mouse'),
(1300, 1, 'Avery 495'),
(1301, 9, 'Xerox 1884'),
(1302, 8, 'Cherry 142-key Programmable Keyboard'),
(1303, 3, 'Motorola L703CM'),
(1304, 3, 'HTC One Mini'),
(1305, 13, 'Laser & Ink Jet Business 13'),
(1306, 9, 'Xerox 1916'),
(1307, 17, '12 Colored Short Pencils'),
(1308, 3, 'Polycom VoiceStation 500 Conference  phone'),
(1309, 2, 'Electrix Halogen Magnifier Lamp'),
(1310, 9, 'Xerox 1976'),
(1311, 12, 'Acme Titanium Bonded Scissors'),
(1312, 4, 'Recycled Easel Ring 4'),
(1313, 4, 'Black Avery Memo-Size 3-Ring Binder, 5 1/2\" x 8 1/2\"'),
(1314, 3, 'Panasonic KX T7736-B Digital phone'),
(1315, 7, '24 Capacity Maxi Data Binder Racks, Pearl'),
(1316, 6, 'Global Adaptabilities Conference 6'),
(1317, 4, 'Avery Poly Binder Pockets'),
(1318, 9, 'Xerox 1983'),
(1319, 7, 'Eldon Mobile Mega Data C17  Mega Stackable  Add-On Trays'),
(1320, 2, 'DAX Solid Wood Frames'),
(1321, 16, 'Ricoh - Ink Collector Unit for GX3000 Series Printers'),
(1322, 4, 'Ibico Recycled Linen-Style Covers'),
(1323, 2, 'Eldon 500 Class Desk 8'),
(1324, 8, 'Logitech Wireless Anywhere Mouse MX for PC and Mac'),
(1325, 15, 'Sauder Forest Hills Library with Doors, Woodland Oak Finish'),
(1326, 5, 'Eureka Sanitaire  Multi-Pro Heavy-Duty Upright, Disposable Bags'),
(1327, 3, 'Griffin GC36547 PowerJolt SE Lightning Charger'),
(1328, 16, 'Swingline SM12-08 MicroCut Jam Free Shredder'),
(1329, 8, 'Verbatim 25 GB 6x Blu-ray Single Layer Recordable Disc, 10/Pack'),
(1330, 2, 'DAX Cubicle Frames, 8-1/2 x 11'),
(1331, 2, 'DAX Metal Frame, Desktop, Stepped-Edge'),
(1332, 5, 'Eureka The Boss Lite 10-Amp Upright Vacuum, Blue'),
(1333, 7, 'Tenex Personal Filing Tote With Secure Closure Lid, Black/Frost'),
(1334, 8, 'Memorex Mini Travel Drive 16 GB USB 2.0 Flash Drive'),
(1335, 9, 'Xerox 206'),
(1336, 12, 'Acme Galleria Hot Forged Steel Scissors with Colored Handles'),
(1337, 9, 'Adams Phone Message Book, 200 Message Capacity, 8 1/16   x 11  '),
(1338, 3, 'LG G3'),
(1339, 2, 'Tensor Brushed Steel Torchiere Floor Lamp'),
(1340, 2, 'Eldon Expressions Punched Metal & Wood Desk 8, Black & Cherry'),
(1341, 6, 'Hon 2111 Invitation Series Straight Table'),
(1342, 14, 'Canon PC-428 Personal Copier'),
(1343, 17, 'Eberhard Faber 3 1/2\" Golf Pencils'),
(1344, 9, 'Xerox 1900'),
(1345, 13, 'Globe Weis Peel & Seel First Class 13'),
(1346, 2, 'Seth Thomas 13 1/2\" Wall Clock'),
(1347, 2, 'Deflect-o RollaMat Studded, Beveled Mat for Medium Pile Carpeting'),
(1348, 2, 'Eldon 200 Class Desk 8, Burgundy'),
(1349, 17, 'Manco Dry-Lighter Erasable Highlighter'),
(1350, 3, 'AT&T CL83451 4-Handset Telephone'),
(1351, 3, 'AT&T CL82213'),
(1352, 10, 'Global Manager\'s Adjustable Task Chair, Storm'),
(1353, 15, 'Hon 4-Shelf Metal 15'),
(1354, 8, 'Maxell 74 Minute CD-R Spindle, 50/Pack'),
(1355, 17, 'Boston 16701 Slimline Battery Pencil Sharpener'),
(1356, 16, 'Plantronics Single Ear Headset'),
(1357, 17, 'Newell 350'),
(1358, 8, 'Belkin Standard 104 key USB Keyboard'),
(1359, 1, 'Avery 506'),
(1360, 16, 'Zebra GK420t Direct Thermal/Thermal Transfer Printer'),
(1361, 8, 'Memorex 25GB 6X Branded Blu-Ray Recordable Disc, 15/Pack'),
(1362, 4, 'Avery Round Ring Poly 4'),
(1363, 10, 'Global Comet Stacking Arm Chair'),
(1364, 5, 'Eureka The Boss Cordless Rechargeable Stick Vac'),
(1365, 17, 'Avery Hi-Liter Smear-Safe Highlighters'),
(1366, 9, 'It\'s Hot Message Books with Stickers, 2 3/4\" x 5\"'),
(1367, 5, 'Hoover Commercial SteamVac'),
(1368, 15, 'Riverside Palais Royal Lawyers Bookcase, Royale Cherry Finish'),
(1369, 3, 'Shocksock Galaxy S4 Armband'),
(1370, 17, 'Panasonic KP-150 Electric Pencil Sharpener'),
(1371, 9, 'Xerox 193'),
(1372, 4, 'Ibico EPK-21 Electric Binding System'),
(1373, 3, 'Polycom CX600 IP Phone VoIP phone'),
(1374, 1, 'Permanent Self-Adhesive File Folder 1 for Typewriters, 1 1/8 x 3 1/2, White'),
(1375, 8, 'Logitech G602 Wireless Gaming Mouse'),
(1376, 9, 'Xerox 1949'),
(1377, 7, 'Contico 72\"H Heavy-Duty 7 System'),
(1378, 9, 'Xerox 1899'),
(1379, 15, 'Hon Metal 15, Black'),
(1380, 5, 'Belkin 7-Outlet SurgeMaster Home Series'),
(1381, 2, 'DAX Two-Tone Silver Metal Document Frame'),
(1382, 5, 'Hoover Shoulder Vac Commercial Portable Vacuum'),
(1383, 17, 'Rogers Handheld Barrel Pencil Sharpener'),
(1384, 7, 'Acco Perma 4000 Stacking 7 Drawers'),
(1385, 5, 'Sanyo 2.5 Cubic Foot Mid-Size Office Refrigerators'),
(1386, 2, 'DAX Clear Channel Poster Frame'),
(1387, 15, 'Bush Westfield Collection 15, Dark Cherry Finish, Fully Assembled'),
(1388, 3, 'iOttie HLCRIO102 Car Mount'),
(1389, 4, 'Avery Heavy-Duty EZD View Binder with Locking Rings'),
(1390, 15, 'Sauder Barrister 15'),
(1391, 4, 'Wilson Jones 14 Line Acrylic Coated Pressboard Data 4'),
(1392, 10, 'Padded Folding 10, Black, 4/C17on'),
(1393, 7, 'Hot File 7-Pocket, Floor Stand'),
(1394, 15, 'O\'Sullivan 2-Door Barrister Bookcase in Odessa Pine'),
(1395, 4, 'Large Capacity Hanging Post 4'),
(1396, 16, 'Okidata MB760 Printer'),
(1397, 2, 'Electrix Fluorescent Magnifier Lamps & Weighted Base'),
(1398, 2, 'Magnifier Swing Arm Lamp'),
(1399, 17, 'Newell 348'),
(1400, 1, 'Avery 508'),
(1401, 14, 'Canon imageCLASS 2200 Advanced Copier'),
(1402, 2, 'Contemporary Wood/Metal Frame'),
(1403, 9, 'Xerox 1937'),
(1404, 3, 'Grandstream GXP1160 VoIP phone'),
(1405, 8, 'Perixx PERIBOARD-512B, Ergonomic Split Keyboard'),
(1406, 4, 'Avery Legal 4-Ring Binder'),
(1407, 10, 'Hon Every-Day Chair Series Swivel Task 10'),
(1408, 4, 'Binder Posts'),
(1409, 12, 'Acme Design Line 8\" Stainless Steel Bent Scissors w/Champagne Handles, 3-1/8\" Cut'),
(1410, 2, 'Howard Miller Distant Time Traveler Alarm Clock'),
(1411, 7, 'Acco Perma 2700 Stacking 7 Drawers'),
(1412, 6, 'Riverside Furniture Oval Coffee Table, Oval End Table, End Table with Drawer'),
(1413, 17, 'Newell 335'),
(1414, 9, 'Hammermill Color Copier 9 (28Lb. and 96 Bright)'),
(1415, 9, 'Adams Telephone Message Book w/Frequently-Called Numbers Space, 400 Messages per Book'),
(1416, 11, 'Revere Boxed Rubber Bands by Revere'),
(1417, 2, 'Eldon Im? ge Series Desk 8, Clear'),
(1418, 8, 'Logitech Wireless Gaming Headset G930'),
(1419, 9, 'Southworth Parchment 9 & 13'),
(1420, 11, 'OIC Thumb-Tacks'),
(1421, 16, 'Texas Instrument TI-15 Fraction Calculator'),
(1422, 11, 'Sterling Rubber Bands by Alliance'),
(1423, 3, 'Belkin iPhone and iPad Lightning Cable'),
(1424, 2, 'Executive Impressions Supervisor Wall Clock'),
(1425, 2, 'Eldon Antistatic Chair Mats for Low to Medium Pile Carpets'),
(1426, 16, 'HP Officejet Pro 8600 e-All-In-One Printer, Copier, Scanner, Fax'),
(1427, 3, 'Lunatik TT5L-002 Taktik Strike Impact Protection System for iPhone 5'),
(1428, 3, 'Panasonic KX TS208W Corded phone'),
(1429, 3, 'Wi-Ex zBoost YX540 Cellular Phone Signal Booster'),
(1430, 8, 'Maxell 4.7GB DVD+RW 3/Pack'),
(1431, 4, 'GBC Instant Index System for Binding Systems'),
(1432, 7, 'SAFCO Commercial Wire Shelving, Black'),
(1433, 2, 'Luxo Professional Magnifying Clamp-On Fluorescent Lamps'),
(1434, 17, 'Sanford Colorific Eraseable Coloring Pencils, 12 Count'),
(1435, 16, 'Okidata B401 Printer'),
(1436, 17, 'Dixon Ticonderoga Pencils'),
(1437, 4, 'GBC Laser Imprintable Binding System Covers, Desert Sand'),
(1438, 5, 'Honeywell Quietcare HEPA Air Cleaner'),
(1439, 17, 'Bulldog Table or Wall-Mount Pencil Sharpener'),
(1440, 2, 'Nu-Dell Oak Frame'),
(1441, 4, 'Ibico EB-19 Dual Function Manual Binding System'),
(1442, 9, 'Xerox Blank Computer 9'),
(1443, 8, 'Razer Kraken PRO Over Ear PC and Music Headset'),
(1444, 9, 'Xerox 1886'),
(1445, 4, 'Mead 1st Gear 2\" Zipper Binder, Asst. Colors'),
(1446, 10, 'Global Enterprise Series Seating Low-Back Swivel/Tilt 10'),
(1447, 5, '3.6 Cubic Foot Counter Height Office Refrigerator'),
(1448, 8, 'Memorex 25GB 6X Branded Blu-Ray Recordable Disc, 30/Pack'),
(1449, 9, 'Weyerhaeuser First Choice Laser/Copy 9 (20Lb. and 88 Bright)'),
(1450, 17, 'Blackstonian Pencils'),
(1451, 4, 'Avery Hidden Tab Dividers for Binding Systems'),
(1452, 9, 'Xerox 1967'),
(1453, 17, 'Dixon Ticonderoga Core-Lock Colored Pencils, 48-Color Set'),
(1454, 15, 'O\'Sullivan 5-Shelf Heavy-Duty 15'),
(1455, 8, 'Imation  Swivel  Flash Drive  USB  flash drive  - 8 GB'),
(1456, 17, 'Boston 1799 Powerhouse Electric Pencil Sharpener'),
(1457, 5, 'Holmes Visible Mist Ultrasonic Humidifier with 2.3-Gallon Output per Day, Replacement Filter'),
(1458, 11, 'OIC Colored Binder Clips, Assorted Sizes'),
(1459, 2, 'Deflect-o DuraMat Antistatic Studded Beveled Mat for Medium Pile Carpeting'),
(1460, 4, 'C-Line Peel & Stick Add-On Filing Pockets, 8-3/4 x 5-1/8, 10/Pack'),
(1461, 3, 'Blue Parrot B250XT Professional Grade Wireless Bluetooth  Headset  with'),
(1462, 3, 'AT&T CL2909'),
(1463, 8, 'Imation  8gb Micro Traveldrive Usb 2.0  Flash Drive'),
(1464, 9, 'Xerox 21'),
(1465, 1, 'Avery 481'),
(1466, 5, 'Acco Sm17socket Table Surge Protector, 6 Color-Coded Adapter Outlets'),
(1467, 4, 'GBC ProClick 150 Presentation Binding System'),
(1468, 8, 'Memorex Mini Travel Drive 32 GB USB 2.0 Flash Drive'),
(1469, 2, 'Dana Swing-Arm Lamps'),
(1470, 2, 'Eldon Radial Chair Mat for Low to Medium Pile Carpets'),
(1471, 4, 'Avery Binding System Hidden Tab Executive Style Index Sets'),
(1472, 2, 'Seth Thomas 8 1/2\" Cubicle Clock'),
(1473, 2, 'Tenex Carpeted, Granite-Look or Clear Contemporary Contour Shape Chair Mats'),
(1474, 2, 'Howard Miller 13-1/2\" Diameter Rosebrook Wall Clock'),
(1475, 10, 'Office Star - Task Chair with Contemporary Loop Arms'),
(1476, 1, 'Smead Alpha-Z Color-Coded Name 1 First Letter St17er Set'),
(1477, 8, 'Rosewill 107 Normal Keys USB Wired Standard Keyboard'),
(1478, 13, 'Recycled Interoffice 13 with String and Button Closure, 10 x 13'),
(1479, 3, 'Samsung Replacement EH64AVFWE Premium Headset'),
(1480, 2, 'Eldon Executive Woodline II Desk 8, Mahogany'),
(1481, 10, 'Office Star Flex Back Scooter Chair with Aluminum Finish Frame'),
(1482, 5, 'Bionaire Personal Warm Mist Humidifier/Vaporizer'),
(1483, 5, 'Belkin 8 Outlet Surge Protector'),
(1484, 3, 'Plantronics Cordless  Phone Headset  with In-line Volume - M214C'),
(1485, 12, 'Acme Hot Forged Carbon Steel Scissors with Nickel-Plated Handles, 3 7/8\" Cut, 8\"L'),
(1486, 9, 'Ampad Evidence Wirebond Steno Books, 6\" x 9\"'),
(1487, 17, 'Prismacolor Color Pencil Set'),
(1488, 9, 'Xerox 1907'),
(1489, 2, 'DAX Charcoal/Nickel-Tone Document Frame, 5 x 7'),
(1490, 2, 'Eldon Econocleat Chair Mats for Low Pile Carpets'),
(1491, 4, 'Universal Recycled Hanging Pressboard Report 4, Letter Size'),
(1492, 4, 'Ibico Recycled Grain-Textured Covers'),
(1493, 6, 'Bush Andora Conference Table, Maple/Graphite Gray Finish'),
(1494, 3, 'Avaya 5410 Digital phone'),
(1495, 2, 'hello'),
(1496, 2, 'hello asd'),
(1497, 2, 'hello asd qwe'),
(1498, 3, 'Newell new300');

--
-- Indexes for dumped tables
--

--
-- Indexes for table `category`
--
ALTER TABLE `category`
  ADD PRIMARY KEY (`id`) USING BTREE;

--
-- Indexes for table `customers`
--
ALTER TABLE `customers`
  ADD PRIMARY KEY (`id`) USING BTREE;

--
-- Indexes for table `inventory`
--
ALTER TABLE `inventory`
  ADD PRIMARY KEY (`id`) USING BTREE,
  ADD KEY `fk_inventory_products` (`product_id`) USING BTREE;

--
-- Indexes for table `inventory_history`
--
ALTER TABLE `inventory_history`
  ADD PRIMARY KEY (`id`) USING BTREE,
  ADD KEY `fk_inventory` (`inventory_id`) USING BTREE;

--
-- Indexes for table `orders`
--
ALTER TABLE `orders`
  ADD PRIMARY KEY (`id`) USING BTREE,
  ADD KEY `fk_customer` (`customer_id`) USING BTREE;

--
-- Indexes for table `order_details`
--
ALTER TABLE `order_details`
  ADD PRIMARY KEY (`id`) USING BTREE,
  ADD KEY `fk_orders` (`order_id`) USING BTREE,
  ADD KEY `fk_products` (`product_id`) USING BTREE;

--
-- Indexes for table `products`
--
ALTER TABLE `products`
  ADD PRIMARY KEY (`id`) USING BTREE,
  ADD KEY `fk_category` (`category_id`) USING BTREE;

--
-- AUTO_INCREMENT for dumped tables
--

--
-- AUTO_INCREMENT for table `category`
--
ALTER TABLE `category`
  MODIFY `id` int(11) NOT NULL AUTO_INCREMENT, AUTO_INCREMENT=18;

--
-- AUTO_INCREMENT for table `customers`
--
ALTER TABLE `customers`
  MODIFY `id` int(11) NOT NULL AUTO_INCREMENT, AUTO_INCREMENT=687;

--
-- AUTO_INCREMENT for table `inventory`
--
ALTER TABLE `inventory`
  MODIFY `id` int(11) NOT NULL AUTO_INCREMENT, AUTO_INCREMENT=16;

--
-- AUTO_INCREMENT for table `inventory_history`
--
ALTER TABLE `inventory_history`
  MODIFY `id` int(11) NOT NULL AUTO_INCREMENT, AUTO_INCREMENT=31;

--
-- AUTO_INCREMENT for table `orders`
--
ALTER TABLE `orders`
  MODIFY `id` int(11) NOT NULL AUTO_INCREMENT, AUTO_INCREMENT=6;

--
-- AUTO_INCREMENT for table `order_details`
--
ALTER TABLE `order_details`
  MODIFY `id` int(11) NOT NULL AUTO_INCREMENT, AUTO_INCREMENT=15;

--
-- AUTO_INCREMENT for table `products`
--
ALTER TABLE `products`
  MODIFY `id` int(11) NOT NULL AUTO_INCREMENT, AUTO_INCREMENT=1499;

--
-- Constraints for dumped tables
--

--
-- Constraints for table `inventory`
--
ALTER TABLE `inventory`
  ADD CONSTRAINT `fk_inventory_products` FOREIGN KEY (`product_id`) REFERENCES `products` (`id`) ON DELETE CASCADE ON UPDATE CASCADE;

--
-- Constraints for table `inventory_history`
--
ALTER TABLE `inventory_history`
  ADD CONSTRAINT `fk_inventory` FOREIGN KEY (`inventory_id`) REFERENCES `inventory` (`id`) ON DELETE CASCADE ON UPDATE CASCADE;

--
-- Constraints for table `orders`
--
ALTER TABLE `orders`
  ADD CONSTRAINT `fk_customer` FOREIGN KEY (`customer_id`) REFERENCES `customers` (`id`) ON DELETE CASCADE ON UPDATE CASCADE;

--
-- Constraints for table `order_details`
--
ALTER TABLE `order_details`
  ADD CONSTRAINT `fk_orders` FOREIGN KEY (`order_id`) REFERENCES `orders` (`id`) ON DELETE CASCADE ON UPDATE CASCADE,
  ADD CONSTRAINT `fk_products` FOREIGN KEY (`product_id`) REFERENCES `products` (`id`) ON DELETE CASCADE ON UPDATE CASCADE;

--
-- Constraints for table `products`
--
ALTER TABLE `products`
  ADD CONSTRAINT `fk_category` FOREIGN KEY (`category_id`) REFERENCES `category` (`id`) ON DELETE CASCADE ON UPDATE CASCADE;
COMMIT;

/*!40101 SET CHARACTER_SET_CLIENT=@OLD_CHARACTER_SET_CLIENT */;
/*!40101 SET CHARACTER_SET_RESULTS=@OLD_CHARACTER_SET_RESULTS */;
/*!40101 SET COLLATION_CONNECTION=@OLD_COLLATION_CONNECTION */;
